<?xml version="1.0" encoding="UTF-8" standalone="yes"?>
<webApiHaul xmlns:a="http://www.appian.com/ae/types/2009">
    <versionUuid>6131c04e-aace-4d45-ad46-fae5561a4e0a</versionUuid>
    <webApi a:uuid="cd53dcb2-f5b3-42d3-9722-91ed00c26610" name="AOP Get Application Run Test Result">
        <a:description></a:description>
        <a:expression>#"SYSTEM_SYSRULES_httpResponse_v1"(
  /*
  * The 'statusCode' parameter is a number that represents the HTTP status code
  * of the response. If no status code is specified, a default of '200' is used,
  * meaning that the request was successful.
  */
  statusCode: 200,
  /*
  * The 'headers' parameter is a list of HTTP headers to include on the response.
  * HTTP headers should be built with 'a!httpHeader()'.
  */
  headers: {},
  /*
  * The 'body' parameter is the text that will be included in the HTTP response's
  * body.
  */
  body: #"SYSTEM_SYSRULES_toJson_v1"(a!localVariables(
    local!Data:#"SYSTEM_SYSRULES_testRunResultForId"(http!request.queryParameters.id),
    a!map(
      id: local!Data.id,
      type: local!Data.type,
      result: local!Data.status,
      totalExecutionTime: local!Data.totalExecutionTime,
      testCount: local!Data.testCount,
      errorCount: local!Data.errorCount,
      failureCount: local!Data.failureCount,
      passCount: local!Data.passCount,
      passObjectsTestResult: joinarray(
        #"SYSTEM_SYSRULES_forEach"(
          items: local!Data.applicationTestResults[1].passObjectsTestResult,
          expression: concat(
            "Name: ", fv!item.name, ", ",
            "Version: ", fv!item.version, ", ",
            "Result: ",
            joinarray(#"SYSTEM_SYSRULES_forEach"(
              items: fv!item.testCasesResult,
              expression: concat(
                fv!item.name, "(", fv!item.status, ")"
              )
            ), ", ")
          )
        ),
        char(10)
      ),
      problemObjectsTestResult: joinarray(
        #"SYSTEM_SYSRULES_forEach"(
          items: local!Data.applicationTestResults[1].problemObjectsTestResult,
          expression: concat(
            "Name: ", fv!item.name, ", ",
            "Version: ", fv!item.version, ", ",
            "Result: ",
            joinarray(#"SYSTEM_SYSRULES_forEach"(
              items: fv!item.testCasesResult,
              expression: concat(
                fv!item.name, "(", fv!item.status, ")"
              )
            ), ", ")
          )
        ),
        char(10)
      )
    )
  ))
)</a:expression>
        <a:urlAlias>testRunResultForId</a:urlAlias>
        <a:httpMethod>GET</a:httpMethod>
        <a:system>false</a:system>
        <a:requestBodyType>NONE</a:requestBodyType>
        <a:loggingEnabled>false</a:loggingEnabled>
    </webApi>
    <roleMap>
        <role name="web_api_administrator">
            <users/>
            <groups>
                <groupUuid>654457ba-a654-4d14-9971-717a4985ee44</groupUuid>
            </groups>
        </role>
        <role name="web_api_viewer">
            <users/>
            <groups>
                <groupUuid>0680d252-60f5-4e33-81ea-6c4c83a23384</groupUuid>
            </groups>
        </role>
    </roleMap>
    <typedValue>
        <type>
            <name>WebApiRequest?list</name>
            <namespace>http://www.appian.com/ae/types/2009</namespace>
        </type>
        <value>
            <el>
                <a:path/>
                <a:queryParameters>
                    <a:name>id</a:name>
                    <a:value>8</a:value>
                </a:queryParameters>
                <a:body/>
            </el>
        </value>
    </typedValue>
    <history>
        <historyInfo versionUuid="5cbf0208-7184-4e57-9a90-6c83fbc53afa"/>
        <historyInfo versionUuid="6131c04e-aace-4d45-ad46-fae5561a4e0a"/>
    </history>
</webApiHaul>
