<?xml version="1.0" encoding="UTF-8" standalone="yes"?>
<groupHaul xmlns:a="http://www.appian.com/ae/types/2009">
    <versionUuid>ef2660a9-4360-43e7-b41f-6dffb6bd868e</versionUuid>
    <group>
        <name>AOP Administrators</name>
        <securityMap>SECURITYMAP_TEAM</securityMap>
        <uuid>ef2660a9-4360-43e7-b41f-6dffb6bd868e</uuid>
        <groupTypeUuid>SYSTEM_GROUP_TYPE_CUSTOM</groupTypeUuid>
        <description>Assigns Administrator permissions to users for objects in the application</description>
        <delegatedCreation>false</delegatedCreation>
        <memberPolicy>MEMBERPOLICY_CLOSED</memberPolicy>
        <viewingPolicy>VIEWINGPOLICY_LOW</viewingPolicy>
        <attributes/>
    </group>
    <members>
        <users/>
        <groups/>
    </members>
    <admins>
        <users/>
        <groups>
            <groupUuid>ef2660a9-4360-43e7-b41f-6dffb6bd868e</groupUuid>
        </groups>
    </admins>
    <ruleSet/>
    <history>
        <historyInfo versionUuid="ef2660a9-4360-43e7-b41f-6dffb6bd868e"/>
    </history>
</groupHaul>
