<?xml version="1.0" encoding="UTF-8" standalone="yes"?>
<webApiHaul xmlns:a="http://www.appian.com/ae/types/2009">
    <versionUuid>fde74622-1846-4532-897d-793178003735</versionUuid>
    <webApi a:uuid="171e1251-09ce-4cb0-af2c-6a7b27f37591" name="AOP Get Application Run Test Status">
        <a:description></a:description>
        <a:expression>#"SYSTEM_SYSRULES_httpResponse_v1"(
  /*
  * The 'statusCode' parameter is a number that represents the HTTP status code
  * of the response. If no status code is specified, a default of '200' is used,
  * meaning that the request was successful.
  */
  statusCode: 200,
  /*
  * The 'headers' parameter is a list of HTTP headers to include on the response.
  * HTTP headers should be built with 'a!httpHeader()'.
  */
  headers: {},
  /*
  * The 'body' parameter is the text that will be included in the HTTP response's
  * body.
  */
  body: #"SYSTEM_SYSRULES_testRunStatusForId"(http!request.queryParameters.id)
)</a:expression>
        <a:urlAlias>testRunStatusForId</a:urlAlias>
        <a:httpMethod>GET</a:httpMethod>
        <a:system>false</a:system>
        <a:requestBodyType>NONE</a:requestBodyType>
        <a:loggingEnabled>false</a:loggingEnabled>
    </webApi>
    <roleMap>
        <role name="web_api_administrator">
            <users/>
            <groups>
                <groupUuid>654457ba-a654-4d14-9971-717a4985ee44</groupUuid>
            </groups>
        </role>
        <role name="web_api_viewer">
            <users/>
            <groups>
                <groupUuid>0680d252-60f5-4e33-81ea-6c4c83a23384</groupUuid>
            </groups>
        </role>
    </roleMap>
    <typedValue>
        <type>
            <name>WebApiRequest?list</name>
            <namespace>http://www.appian.com/ae/types/2009</namespace>
        </type>
        <value>
            <el>
                <a:path/>
                <a:queryParameters>
                    <a:name>id</a:name>
                    <a:value>8</a:value>
                </a:queryParameters>
                <a:body/>
            </el>
        </value>
    </typedValue>
    <history>
        <historyInfo versionUuid="fde74622-1846-4532-897d-793178003735"/>
    </history>
</webApiHaul>
