<?xml version="1.0" encoding="UTF-8" standalone="yes"?>
<webApiHaul xmlns:a="http://www.appian.com/ae/types/2009">
    <versionUuid>9d61ab85-d7cb-4936-bf4c-b726179cc75b</versionUuid>
    <webApi a:uuid="4de42eea-0e3c-4a0a-81dc-3cd14d129875" name="AOP Run Application Rule Test">
        <a:description></a:description>
        <a:expression>#"SYSTEM_SYSRULES_startRuleTestsApplications"(
  applications: #"_a-0000ea32-66e7-8000-9be7-011c48011c48_588508",
  onSuccess: #"SYSTEM_SYSRULES_httpResponse_v1"(
    statusCode: 200,
    body: #"SYSTEM_SYSRULES_toJson_v1"(
      a!map(
        jobId: fv!testRunId
      )
    )
  ),
  onError: #"SYSTEM_SYSRULES_httpResponse_v1"(
    statusCode: 500,
    body: concat("Error message: " , fv!error)
  )
)</a:expression>
        <a:urlAlias>startRuleTestsApplications</a:urlAlias>
        <a:httpMethod>POST</a:httpMethod>
        <a:system>false</a:system>
        <a:requestBodyType>NONE</a:requestBodyType>
        <a:loggingEnabled>false</a:loggingEnabled>
    </webApi>
    <roleMap>
        <role name="web_api_administrator">
            <users/>
            <groups>
                <groupUuid>654457ba-a654-4d14-9971-717a4985ee44</groupUuid>
            </groups>
        </role>
        <role name="web_api_viewer">
            <users/>
            <groups>
                <groupUuid>0680d252-60f5-4e33-81ea-6c4c83a23384</groupUuid>
            </groups>
        </role>
    </roleMap>
    <typedValue>
        <type>
            <name>WebApiRequest?list</name>
            <namespace>http://www.appian.com/ae/types/2009</namespace>
        </type>
        <value>
            <el>
                <a:path/>
                <a:body/>
            </el>
        </value>
    </typedValue>
    <history>
        <historyInfo versionUuid="99b1ebe7-2d3a-46d2-bbe5-0fd2d843ff62"/>
        <historyInfo versionUuid="9d61ab85-d7cb-4936-bf4c-b726179cc75b"/>
    </history>
</webApiHaul>
