<?xml version="1.0" encoding="UTF-8"?>
<siteHaul xmlns:a="http://www.appian.com/ae/types/2009" xmlns:xsi="http://www.w3.org/2001/XMLSchema-instance">
  <versionUuid>f6f5ea3f-1644-4e0b-85de-5c9ab4ba51c2</versionUuid>
  <site a:uuid="d3080f73-3759-4fe7-9b57-5628ce71759c" name="AOP Annual Operating Plan">
    <description/>
    <urlStub>aop-annual-operating-plan</urlStub>
    <page>
      <staticName>Level Plan</staticName>
      <description/>
      <urlStub>level-plan</urlStub>
      <uiObject a:uuid="_a-0000ea32-66e7-8000-9be7-011c48011c48_573734" xsi:type="a:ContentFreeformRule"/>
      <iconId>f0d6</iconId>
      <visibilityExpr>fn!true()</visibilityExpr>
      <pageWidth>FULL</pageWidth>
    </page>
    <page>
      <staticName>Configuration</staticName>
      <description/>
      <urlStub>configuration</urlStub>
      <uiObject a:uuid="_a-0000ea32-66e7-8000-9be7-011c48011c48_582532" xsi:type="a:ContentFreeformRule"/>
      <iconId>f085</iconId>
      <visibilityExpr>fn!true()</visibilityExpr>
      <pageWidth>WIDE</pageWidth>
    </page>
    <visibility>268435456</visibility>
    <selectedTabBackgroundColor>#285084</selectedTabBackgroundColor>
    <faviconRef a:uuid="SYSTEM_CONTENT_SITES_DEFAULT_FAVICON" xsi:type="a:CollaborationDocument"/>
    <logoRef a:uuid="_a-0000ea32-66e7-8000-9be7-011c48011c48_577730" xsi:type="a:CollaborationDocument"/>
    <accentColor>#285084</accentColor>
    <showName>false</showName>
    <tempoLinkVisibility>HIDDEN</tempoLinkVisibility>
    <showRecordNews>true</showRecordNews>
    <tasksInSitesVisibility>HIDDEN</tasksInSitesVisibility>
    <buttonShape>ROUNDED</buttonShape>
    <loadingBarColor>#428CD0</loadingBarColor>
    <navigationBarStyle>STYLE2</navigationBarStyle>
    <inputShape>SEMI_ROUNDED</inputShape>
    <isSystem>false</isSystem>
    <displayName>AOP Annual Operating Plan</displayName>
    <isStaticDisplayName>true</isStaticDisplayName>
  </site>
  <roleMap>
    <role name="site_administrator">
      <users/>
      <groups>
        <groupUuid>ef2660a9-4360-43e7-b41f-6dffb6bd868e</groupUuid>
      </groups>
    </role>
    <role name="site_viewer">
      <users/>
      <groups>
        <groupUuid>b26adaa2-a21e-4902-8536-812107813334</groupUuid>
      </groups>
    </role>
  </roleMap>
  <history>
    <historyInfo versionUuid="f14bde68-2f97-4a69-af9b-12ae613eee05"/>
    <historyInfo versionUuid="f6f5ea3f-1644-4e0b-85de-5c9ab4ba51c2"/>
  </history>
</siteHaul>
