<?xml version="1.0" encoding="UTF-8" standalone="yes"?>
<contentHaul xmlns:a="http://www.appian.com/ae/types/2009">
    <versionUuid>_a-0000ea32-66e7-8000-9be7-011c48011c48_583764</versionUuid>
    <constant>
        <name>AOP_LABELS</name>
        <uuid>_a-0000ea32-66e7-8000-9be7-011c48011c48_578271</uuid>
        <description>Contains Labels

1. L0 - Address | 
2. Order | 
3. Description | 
4. Level Name | 
5. Level | 
6. Add New Address | 
7. Address | 
8. Save | 
9. Cancel | 
10. L1 - Subdirection | 
11. Add New Subdirection | 
12. Subdirection | 
13. L2 - Operational Objective | 
14. Add New Operational Objective | 
15. Operational Objective | 
16. L3 - Process | 
17. Add New Process | 
18. Process | 
19. L4 - Activity | 
20. Activities | 
21. Activity Name | 
22. Activity Type | 
23. Budget | 
24. 65% | 
25. 35% | 
26. Percentage | 
27. Weight | 
28. Management | 
29. With Budget | 
30. Invalid Value | 
31. Add New Activity | 
32. Projected VS Executed | 
33. Activity | 
34. P1 | 
35. P2 | 
36. P3 | 
37. P4 | 
38. P5 | 
39. P6 | 
40. P7 | 
41. P8 | 
42. P9 | 
43. P10 | 
44. P11 | 
45. P12 | 
46. Sum | 
47. E1 | 
48. E2 | 
49. E3 | 
50. E4 | 
51. E5 | 
52. E6 | 
53. E7 | 
54. E8 | 
55. E9 | 
56. E10 | 
57. E11 | 
58. E12 | 
59. Edit | 
60. L5 - Request | 
61. Requirement | 
62. Add New Request | 
63. L6 - Task | 
64. Task | 
65. Task Type | 
66. Projected Month | 
67. Percentage (%) | 
68. Contract Phase | 
69. Payment | 
70. Add New Task | 
71. - - - - Select - - - - |
72. Request | 
73. Executed Month | 
74. re-evaluate | 
75. Manage Configuration | 
76. Manage Activity Ratio | 
77. Ratio 1 (%) | 
78. Ratio 2 (%) | 
79. Manage Contract Phase &amp; Payment Ratio | 
80. Contract Phase (%) | 
81. Payment (%) | 





L0 - Address
Order
Description
Level Name
Level
Add New Address
Address
Save
Cancel
L1 - Subdirection
Add New Subdirection
Subdirection
L2 - Operational Objective
Add New Operational Objective
Operational Objective
L3 - Process
Add New Process
Process
L4 - Activity
Activities
Activity Name
Activity Type
Budget
65%
35%
Percentage
Weight
Management
With Budget
Invalid Value
Add New Activity
Projected VS Executed
Activity
P1
P2
P3
P4
P5
P6
P7
P8
P9
P10
P11
P12
Sum
E1
E2
E3
E4
E5
E6
E7
E8
E9
E10
E11
E12
Edit
L5 - Request
Requirement
Add New Request
L6 - Task
Task
Task Type
Projected Month
Percentage (%)
Contract Phase
Payment
Add New Task
- - - - Select - - - -
Request
Executed Month
re-evaluate
Manage Configuration
Manage Activity Ratio
Ratio 1 (%)
Ratio 2 (%)
Manage Contract Phase &amp; Payment Ratio
Contract Phase (%)
Payment (%)</description>
        <parentUuid>b6a69d31-f76d-4d15-a8ab-8de2124c1392</parentUuid>
        <visibility>
            <advertise>false</advertise>
            <hierarchy>true</hierarchy>
            <indexable>true</indexable>
            <quota>false</quota>
            <searchable>true</searchable>
            <system>false</system>
            <unlogged>false</unlogged>
        </visibility>
        <typedValue>
            <type>
                <name>Text?list</name>
                <namespace>http://www.appian.com/ae/types/2009</namespace>
            </type>
            <value>
                <el>L0 - Dirección</el>
                <el>Orden</el>
                <el>Descripción</el>
                <el>Nombre del nivel</el>
                <el>Nivel</el>
                <el>Agregar nueva dirección</el>
                <el>DIRECCIÓN</el>
                <el>Guardar</el>
                <el>Cancelar</el>
                <el>L1 - Subdirección</el>
                <el>Agregar nueva subdirección</el>
                <el>Subdirección</el>
                <el>L2 - Objetivo Operacional</el>
                <el>Agregar nuevo objetivo operativo</el>
                <el>Objetivo operativo</el>
                <el>L3 - Proceso</el>
                <el>Agregar nuevo proceso</el>
                <el>Proceso</el>
                <el>L4 - Actividad</el>
                <el>Actividades</el>
                <el>Nombre de la actividad</el>
                <el>Tipo de actividad</el>
                <el>Presupuesto</el>
                <el>65%</el>
                <el>35%</el>
                <el>Porcentaje</el>
                <el>Peso</el>
                <el>Gestión</el>
                <el>con presupuesto</el>
                <el>Valor no válido</el>
                <el>Agregar nueva actividad</el>
                <el>Proyectado VS Ejecutado</el>
                <el>Actividad</el>
                <el>P1</el>
                <el>P2</el>
                <el>P3</el>
                <el>P4</el>
                <el>P5</el>
                <el>P6</el>
                <el>P7</el>
                <el>P8</el>
                <el>P9</el>
                <el>P10</el>
                <el>P11</el>
                <el>P12</el>
                <el>Suma</el>
                <el>E1</el>
                <el>E2</el>
                <el>E3</el>
                <el>E4</el>
                <el>E5</el>
                <el>E6</el>
                <el>E7</el>
                <el>E8</el>
                <el>E9</el>
                <el>E10</el>
                <el>E11</el>
                <el>E12</el>
                <el>Editar</el>
                <el>L5 - Solicitud</el>
                <el>Requisito</el>
                <el>Agregar nueva solicitud</el>
                <el>L6 - Tarea</el>
                <el>Tarea</el>
                <el>Tipo de tarea</el>
                <el>Mes Proyectado</el>
                <el>Porcentaje (%)</el>
                <el>Fase de Contrato</el>
                <el>Pago</el>
                <el>Agregar nueva tarea</el>
                <el>- - - - Seleccionar - - - -</el>
                <el>Pedido</el>
                <el>Mes ejecutado</el>
                <el>reevaluar</el>
                <el>Administrar configuración</el>
                <el>Gestionar el índice de actividad</el>
                <el>Relación 1 (%)</el>
                <el>Relación 2 (%)</el>
                <el>Administrar la fase del contrato y la tasa de pago</el>
                <el>Fase de contrato (%)</el>
                <el>Pago (%)</el>
            </value>
        </typedValue>
        <isEnvironmentSpecific>false</isEnvironmentSpecific>
    </constant>
    <roleMap public="true">
        <role inherit="true" allowForAll="false" name="readers">
            <users/>
            <groups/>
        </role>
        <role inherit="true" allowForAll="false" name="authors">
            <users/>
            <groups/>
        </role>
        <role inherit="true" allowForAll="false" name="administrators">
            <users/>
            <groups/>
        </role>
        <role inherit="false" allowForAll="false" name="denyReaders">
            <users/>
            <groups/>
        </role>
        <role inherit="false" allowForAll="false" name="denyAuthors">
            <users/>
            <groups/>
        </role>
        <role inherit="false" allowForAll="false" name="denyAdministrators">
            <users/>
            <groups/>
        </role>
    </roleMap>
    <history>
        <historyInfo versionUuid="_a-0000ea32-66e7-8000-9be7-011c48011c48_578608"/>
        <historyInfo versionUuid="_a-0000ea32-66e7-8000-9be7-011c48011c48_583046"/>
        <historyInfo versionUuid="_a-0000ea32-66e7-8000-9be7-011c48011c48_583764"/>
    </history>
</contentHaul>
