<?xml version="1.0" encoding="UTF-8" standalone="yes"?>
<contentHaul xmlns:a="http://www.appian.com/ae/types/2009">
    <versionUuid>_a-0000ea32-66e7-8000-9be7-011c48011c48_583645</versionUuid>
    <interface>
        <name>AOP_Configuration</name>
        <uuid>_a-0000ea32-66e7-8000-9be7-011c48011c48_582532</uuid>
        <description></description>
        <parentUuid>b6a69d31-f76d-4d15-a8ab-8de2124c1392</parentUuid>
        <visibility>
            <advertise>false</advertise>
            <hierarchy>true</hierarchy>
            <indexable>true</indexable>
            <quota>false</quota>
            <searchable>true</searchable>
            <system>false</system>
            <unlogged>false</unlogged>
        </visibility>
        <definition>a!localVariables(
  local!Value: a!map(v1:65, v2:35, v3:40, v4:60),
  local!IsEdit:false(),
  #"SYSTEM_SYSRULES_formLayout_v1"(
    label: #"_a-0000ea32-66e7-8000-9be7-011c48011c48_578271"[75],
  contents: {
    #"SYSTEM_SYSRULES_sectionLayout_v1"(
      contents: {}
    ),
    #"SYSTEM_SYSRULES_columnsLayout"(
      columns: {
        #"SYSTEM_SYSRULES_columnLayout"(
          contents: {
            #"SYSTEM_SYSRULES_cardLayout"(
              contents: {
                #"SYSTEM_SYSRULES_sectionLayout_v1"(
                  label: #"_a-0000ea32-66e7-8000-9be7-011c48011c48_578271"[76],
                  contents: {
                    #"SYSTEM_SYSRULES_columnsLayout"(
                      columns: {
                        #"SYSTEM_SYSRULES_columnLayout"(
                          contents: {
                            #"SYSTEM_SYSRULES_floatingPointField"(
                              label: #"_a-0000ea32-66e7-8000-9be7-011c48011c48_578271"[77],
                              labelPosition: "ABOVE",
                              value: local!Value.v1,
                              saveInto: local!Value.v1,
                              refreshAfter: "UNFOCUS",
                              readOnly: local!IsEdit&lt;&gt;true(),
                              validations: {},
                              align: "LEFT"
                            )
                          }
                        ),
                        #"SYSTEM_SYSRULES_columnLayout"(
                          contents: {
                            #"SYSTEM_SYSRULES_floatingPointField"(
                              label: #"_a-0000ea32-66e7-8000-9be7-011c48011c48_578271"[78],
                              labelPosition: "ABOVE",
                              value: local!Value.v2,
                              saveInto: local!Value.v2,
                              refreshAfter: "UNFOCUS",
                              readOnly: local!IsEdit&lt;&gt;true(),
                              validations: {},
                              align: "LEFT"
                            )
                          }
                        )
                      }
                    )
                  },
                  divider: "ABOVE",
                  dividerWeight: "MEDIUM"
                )
              },
              height: "AUTO",
              style: "TRANSPARENT",
              shape: "ROUNDED",
              marginBelow: "STANDARD",
              showBorder: false,
              showShadow: true,
              decorativeBarPosition: "START",
              decorativeBarColor: "ACCENT"
            )
          }
        ),
        #"SYSTEM_SYSRULES_columnLayout"(
          contents: {
            #"SYSTEM_SYSRULES_cardLayout"(
              contents: {
                #"SYSTEM_SYSRULES_sectionLayout_v1"(
                  label: #"_a-0000ea32-66e7-8000-9be7-011c48011c48_578271"[79],
                  contents: {
                    #"SYSTEM_SYSRULES_columnsLayout"(
                      columns: {
                        #"SYSTEM_SYSRULES_columnLayout"(
                          contents: {
                            #"SYSTEM_SYSRULES_floatingPointField"(
                              label: #"_a-0000ea32-66e7-8000-9be7-011c48011c48_578271"[80],
                              labelPosition: "ABOVE",
                              value: local!Value.v3,
                              saveInto: local!Value.v3,
                              refreshAfter: "UNFOCUS",
                              readOnly: local!IsEdit&lt;&gt;true(),
                              validations: {},
                              align: "LEFT"
                            )
                          }
                        ),
                        #"SYSTEM_SYSRULES_columnLayout"(
                          contents: {
                            #"SYSTEM_SYSRULES_floatingPointField"(
                              label: #"_a-0000ea32-66e7-8000-9be7-011c48011c48_578271"[81],
                              labelPosition: "ABOVE",
                              value: local!Value.v4,
                              saveInto: local!Value.v4,
                              refreshAfter: "UNFOCUS",
                              readOnly: local!IsEdit&lt;&gt;true(),
                              validations: {},
                              align: "LEFT"
                            )
                          }
                        )
                      }
                    )
                  },
                  divider: "ABOVE",
                  dividerWeight: "MEDIUM"
                )
              },
              height: "AUTO",
              style: "TRANSPARENT",
              shape: "ROUNDED",
              marginBelow: "STANDARD",
              showBorder: false,
              showShadow: true,
              decorativeBarPosition: "START",
              decorativeBarColor: "ACCENT"
            )
          }
        )
      }
    )
  },
  buttons: #"SYSTEM_SYSRULES_ButtonLayout"(
    primaryButtons: {
      #"SYSTEM_SYSRULES_ButtonWidget"(
        label: #"_a-0000ea32-66e7-8000-9be7-011c48011c48_578271"[8],
        value: false(),
        saveInto: local!IsEdit,
        submit: false,
        style: "PRIMARY",
        showWhen: local!IsEdit=true()
      ),
      #"SYSTEM_SYSRULES_ButtonWidget"(
        label: #"_a-0000ea32-66e7-8000-9be7-011c48011c48_578271"[59],
        value: true(),
        saveInto: local!IsEdit,
        submit: false,
        style: "PRIMARY",
        showWhen: local!IsEdit&lt;&gt;true()
      )
    },
    secondaryButtons: {
      #"SYSTEM_SYSRULES_ButtonWidget"(
        label: #"_a-0000ea32-66e7-8000-9be7-011c48011c48_578271"[9],
        value: false(),
        saveInto: local!IsEdit,
        style: "NORMAL",
        showWhen: local!IsEdit=true(),
        validate: false
      )
    }
  )
)
)</definition>
        <preferredEditor>interface</preferredEditor>
        <offlineEnabled>false</offlineEnabled>
        <isCustom>false</isCustom>
    </interface>
    <roleMap public="true">
        <role inherit="true" allowForAll="false" name="readers">
            <users/>
            <groups/>
        </role>
        <role inherit="true" allowForAll="false" name="authors">
            <users/>
            <groups/>
        </role>
        <role inherit="true" allowForAll="false" name="administrators">
            <users/>
            <groups/>
        </role>
        <role inherit="false" allowForAll="false" name="denyReaders">
            <users/>
            <groups/>
        </role>
        <role inherit="false" allowForAll="false" name="denyAuthors">
            <users/>
            <groups/>
        </role>
        <role inherit="false" allowForAll="false" name="denyAdministrators">
            <users/>
            <groups/>
        </role>
    </roleMap>
    <history>
        <historyInfo versionUuid="_a-0000ea32-66e7-8000-9be7-011c48011c48_582629"/>
        <historyInfo versionUuid="_a-0000ea32-66e7-8000-9be7-011c48011c48_583645"/>
    </history>
</contentHaul>
