<?xml version="1.0" encoding="UTF-8" standalone="yes"?>
<contentHaul xmlns:a="http://www.appian.com/ae/types/2009">
    <versionUuid>_a-0000ea32-66e7-8000-9be7-011c48011c48_583960</versionUuid>
    <interface>
        <name>AOP_Level5</name>
        <uuid>_a-0000ea32-66e7-8000-9be7-011c48011c48_576027</uuid>
        <description></description>
        <parentUuid>b6a69d31-f76d-4d15-a8ab-8de2124c1392</parentUuid>
        <visibility>
            <advertise>false</advertise>
            <hierarchy>true</hierarchy>
            <indexable>true</indexable>
            <quota>false</quota>
            <searchable>true</searchable>
            <system>false</system>
            <unlogged>false</unlogged>
        </visibility>
        <definition>a!localVariables(
  local!Refresh: now(),
  local!Level5Data: a!refreshVariable(
    value: #"SYSTEM_SYSRULES_queryRecordType_v1"(
      recordType: #"urn:appian:record-type:v1:6c3fef7d-77e0-454a-a6e6-3fbd78751e4e",
      filters: #"SYSTEM_SYSRULES_queryFilter"(
        field: #"urn:appian:record-field:v1:6c3fef7d-77e0-454a-a6e6-3fbd78751e4e/dc995d66-0ab5-424a-adb6-e89481dfc1ed",
        operator: "=",
        value: ri!SelectedLevel4Data[#"urn:appian:record-field:v1:6c3fef7d-77e0-454a-a6e6-3fbd78751e4e/a0ee4ee6-6177-4347-baa8-cbb09fedb777"]
      ),
      pagingInfo: #"SYSTEM_SYSRULES_pagingInfo"(
        1,
        100,
        #"SYSTEM_SYSRULES_sortInfo"(
          field: #"urn:appian:record-field:v1:6c3fef7d-77e0-454a-a6e6-3fbd78751e4e/a0ee4ee6-6177-4347-baa8-cbb09fedb777",
          ascending: true()
        )
      )
    ).data,
    refreshOnVarChange: local!Refresh
  ),
  local!IsEditBudget: a!refreshVariable(
    value: false(),
    refreshOnVarChange: { local!Refresh, ri!SelectedLevel4Data }
  ),
  local!SelectedData: a!refreshVariable(
    value: null(),
    refreshOnVarChange: { local!Refresh, ri!SelectedLevel4Data }
  ),
  {
    #"SYSTEM_SYSRULES_boxLayout"(
      label: concat(
        ri!PreviousLabel,
        " -&gt; ",
        #"_a-0000ea32-66e7-8000-9be7-011c48011c48_578271"[60]
      ),
      contents: {
        #"SYSTEM_SYSRULES_gridLayout"(
          labelPosition: "COLLAPSED",
          headerCells: {
            #"SYSTEM_SYSRULES_gridLayoutHeaderCell"(label: #"_a-0000ea32-66e7-8000-9be7-011c48011c48_578271"[2]),
            #"SYSTEM_SYSRULES_gridLayoutHeaderCell"(label: #"_a-0000ea32-66e7-8000-9be7-011c48011c48_578271"[5], align: "RIGHT"),
            #"SYSTEM_SYSRULES_gridLayoutHeaderCell"(label: #"_a-0000ea32-66e7-8000-9be7-011c48011c48_578271"[61]),
            #"SYSTEM_SYSRULES_gridLayoutHeaderCell"(label: #"_a-0000ea32-66e7-8000-9be7-011c48011c48_578271"[23], align: "RIGHT"),
            #"SYSTEM_SYSRULES_gridLayoutHeaderCell"(label: #"_a-0000ea32-66e7-8000-9be7-011c48011c48_578271"[24], align: "RIGHT"),
            #"SYSTEM_SYSRULES_gridLayoutHeaderCell"(label: #"_a-0000ea32-66e7-8000-9be7-011c48011c48_578271"[25], align: "RIGHT"),
            #"SYSTEM_SYSRULES_gridLayoutHeaderCell"(label: #"_a-0000ea32-66e7-8000-9be7-011c48011c48_578271"[26], align: "RIGHT"),
            #"SYSTEM_SYSRULES_gridLayoutHeaderCell"(label: #"_a-0000ea32-66e7-8000-9be7-011c48011c48_578271"[27], align: "RIGHT"),
            #"SYSTEM_SYSRULES_gridLayoutHeaderCell"(label: "")
          },
          columnConfigs: {
            #"SYSTEM_SYSRULES_gridLayoutColumnConfig"(),
            #"SYSTEM_SYSRULES_gridLayoutColumnConfig"(),
            #"SYSTEM_SYSRULES_gridLayoutColumnConfig"(),
            #"SYSTEM_SYSRULES_gridLayoutColumnConfig"(),
            #"SYSTEM_SYSRULES_gridLayoutColumnConfig"(),
            #"SYSTEM_SYSRULES_gridLayoutColumnConfig"(),
            #"SYSTEM_SYSRULES_gridLayoutColumnConfig"(),
            #"SYSTEM_SYSRULES_gridLayoutColumnConfig"(),
            #"SYSTEM_SYSRULES_gridLayoutColumnConfig"(width: "ICON")
          },
          rows: #"SYSTEM_SYSRULES_forEach"(
            items: local!Level5Data,
            expression: {
              #"SYSTEM_SYSRULES_gridRowLayout"(
                id: fv!item[#"urn:appian:record-field:v1:6c3fef7d-77e0-454a-a6e6-3fbd78751e4e/a0ee4ee6-6177-4347-baa8-cbb09fedb777"],
                contents: {
                  #"SYSTEM_SYSRULES_textField"(
                    value: fv!item[#"urn:appian:record-field:v1:6c3fef7d-77e0-454a-a6e6-3fbd78751e4e/ddd5309f-1863-4af7-8066-a36a5a6a98d7"],
                    readOnly: true()
                  ),
                  #"SYSTEM_SYSRULES_textField"(
                    value: fv!item[#"urn:appian:record-field:v1:6c3fef7d-77e0-454a-a6e6-3fbd78751e4e/8e1e27e5-af5d-4579-85a4-15eeb3be449c"],
                    readOnly: true(),
                    align: "RIGHT"
                  ),
                  #"SYSTEM_SYSRULES_textField"(
                    value: fv!item[#"urn:appian:record-field:v1:6c3fef7d-77e0-454a-a6e6-3fbd78751e4e/6df83b4b-ae56-46ed-b36c-eecfdd6e85f8"],
                    saveInto: fv!item[#"urn:appian:record-field:v1:6c3fef7d-77e0-454a-a6e6-3fbd78751e4e/6df83b4b-ae56-46ed-b36c-eecfdd6e85f8"],
                    characterLimit: 255,
                    showCharacterCount: false(),
                    required: true(),
                    readOnly: local!IsEditBudget &lt;&gt; true()
                  ),
                  #"SYSTEM_SYSRULES_floatingPointField"(
                    value: fv!item[#"urn:appian:record-field:v1:6c3fef7d-77e0-454a-a6e6-3fbd78751e4e/4a87dcd6-40a3-425e-b49a-9c2a21194049"],
                    saveInto: {
                      a!save(
                        local!Level5Data[fv!index][#"urn:appian:record-field:v1:6c3fef7d-77e0-454a-a6e6-3fbd78751e4e/4a87dcd6-40a3-425e-b49a-9c2a21194049"],
                        save!value
                      ),
                      #"SYSTEM_SYSRULES_forEach"(
                        items: local!Level5Data,
                        expression: a!save(
                          local!Level5Data[fv!index][#"urn:appian:record-field:v1:6c3fef7d-77e0-454a-a6e6-3fbd78751e4e/91389541-30c2-45d3-84c9-19dfc76881e9"],
                          if(
                            or(
                              local!Level5Data[fv!index][#"urn:appian:record-field:v1:6c3fef7d-77e0-454a-a6e6-3fbd78751e4e/4a87dcd6-40a3-425e-b49a-9c2a21194049"] &lt; 1,
                              ri!SelectedLevel4Data[#"urn:appian:record-field:v1:6c3fef7d-77e0-454a-a6e6-3fbd78751e4e/4a87dcd6-40a3-425e-b49a-9c2a21194049"]&lt;1
                              ),
                            0,
                            (
                              local!Level5Data[fv!index][#"urn:appian:record-field:v1:6c3fef7d-77e0-454a-a6e6-3fbd78751e4e/4a87dcd6-40a3-425e-b49a-9c2a21194049"] * 65
                            ) / ri!SelectedLevel4Data[#"urn:appian:record-field:v1:6c3fef7d-77e0-454a-a6e6-3fbd78751e4e/4a87dcd6-40a3-425e-b49a-9c2a21194049"]
                          )
                        )
                      ),
                      a!save(
                        fv!item[#"urn:appian:record-field:v1:6c3fef7d-77e0-454a-a6e6-3fbd78751e4e/d9099139-1e33-4ead-8581-37e4391ac1aa"],
                        fv!item[#"urn:appian:record-field:v1:6c3fef7d-77e0-454a-a6e6-3fbd78751e4e/8252de75-cc6a-4ac5-9d94-75d7c10f2e62"] * 0.35
                      ),
                      #"SYSTEM_SYSRULES_forEach"(
                        items: local!Level5Data,
                        expression: a!save(
                          local!Level5Data[fv!index][#"urn:appian:record-field:v1:6c3fef7d-77e0-454a-a6e6-3fbd78751e4e/2a957af8-bc94-4395-afea-67d717bea140"],
                          local!Level5Data[fv!index][#"urn:appian:record-field:v1:6c3fef7d-77e0-454a-a6e6-3fbd78751e4e/91389541-30c2-45d3-84c9-19dfc76881e9"] + local!Level5Data[fv!index][#"urn:appian:record-field:v1:6c3fef7d-77e0-454a-a6e6-3fbd78751e4e/d9099139-1e33-4ead-8581-37e4391ac1aa"]
                        )
                      )
                    },
                    required: true(),
                    readOnly: local!IsEditBudget &lt;&gt; true(),
                    validations: if(
                      and(
                        fv!item[#"urn:appian:record-field:v1:6c3fef7d-77e0-454a-a6e6-3fbd78751e4e/4a87dcd6-40a3-425e-b49a-9c2a21194049"] &gt;= 0,
                        fv!item[#"urn:appian:record-field:v1:6c3fef7d-77e0-454a-a6e6-3fbd78751e4e/4a87dcd6-40a3-425e-b49a-9c2a21194049"] &lt;= 9999999999
                      ),
                      "",
                      #"_a-0000ea32-66e7-8000-9be7-011c48011c48_578271"[30]
                    ),
                    align: "RIGHT"
                  ),
                  #"SYSTEM_SYSRULES_textField"(
                    value: mround(fv!item[#"urn:appian:record-field:v1:6c3fef7d-77e0-454a-a6e6-3fbd78751e4e/91389541-30c2-45d3-84c9-19dfc76881e9"],0.01),
                    readOnly: true(),
                    align: "RIGHT"
                  ),
                  #"SYSTEM_SYSRULES_textField"(
                    value: mround(fv!item[#"urn:appian:record-field:v1:6c3fef7d-77e0-454a-a6e6-3fbd78751e4e/d9099139-1e33-4ead-8581-37e4391ac1aa"],0.01),
                    readOnly: true(),
                    align: "RIGHT"
                  ),
                  #"SYSTEM_SYSRULES_floatingPointField"(
                    value: fv!item[#"urn:appian:record-field:v1:6c3fef7d-77e0-454a-a6e6-3fbd78751e4e/8252de75-cc6a-4ac5-9d94-75d7c10f2e62"],
                    saveInto: {
                      fv!item[#"urn:appian:record-field:v1:6c3fef7d-77e0-454a-a6e6-3fbd78751e4e/8252de75-cc6a-4ac5-9d94-75d7c10f2e62"],
                      a!save(
                        fv!item[#"urn:appian:record-field:v1:6c3fef7d-77e0-454a-a6e6-3fbd78751e4e/d9099139-1e33-4ead-8581-37e4391ac1aa"],
                        fv!item[#"urn:appian:record-field:v1:6c3fef7d-77e0-454a-a6e6-3fbd78751e4e/8252de75-cc6a-4ac5-9d94-75d7c10f2e62"] * 0.35
                      ),
                      #"SYSTEM_SYSRULES_forEach"(
                        items: local!Level5Data,
                        expression: a!save(
                          local!Level5Data[fv!index][#"urn:appian:record-field:v1:6c3fef7d-77e0-454a-a6e6-3fbd78751e4e/2a957af8-bc94-4395-afea-67d717bea140"],
                          local!Level5Data[fv!index][#"urn:appian:record-field:v1:6c3fef7d-77e0-454a-a6e6-3fbd78751e4e/91389541-30c2-45d3-84c9-19dfc76881e9"] + local!Level5Data[fv!index][#"urn:appian:record-field:v1:6c3fef7d-77e0-454a-a6e6-3fbd78751e4e/d9099139-1e33-4ead-8581-37e4391ac1aa"]
                        )
                      )
                    },
                    readOnly: local!IsEditBudget &lt;&gt; true(),
                    validations: if(
                      and(
                        fv!item[#"urn:appian:record-field:v1:6c3fef7d-77e0-454a-a6e6-3fbd78751e4e/8252de75-cc6a-4ac5-9d94-75d7c10f2e62"] &gt;= 0,
                        fv!item[#"urn:appian:record-field:v1:6c3fef7d-77e0-454a-a6e6-3fbd78751e4e/8252de75-cc6a-4ac5-9d94-75d7c10f2e62"] &lt;= 100
                      ),
                      "",
                      #"_a-0000ea32-66e7-8000-9be7-011c48011c48_578271"[30]
                    ),
                    align: "RIGHT"
                  ),
                  #"SYSTEM_SYSRULES_textField"(
                    value: mround(fv!item[#"urn:appian:record-field:v1:6c3fef7d-77e0-454a-a6e6-3fbd78751e4e/2a957af8-bc94-4395-afea-67d717bea140"],0.01),
                    saveInto: fv!item[#"urn:appian:record-field:v1:6c3fef7d-77e0-454a-a6e6-3fbd78751e4e/2a957af8-bc94-4395-afea-67d717bea140"],
                    readOnly: true(),
                    align: "RIGHT"
                  ),
                  #"SYSTEM_SYSRULES_richTextDisplayField"(
                    value: #"SYSTEM_SYSRULES_richTextIcon"(icon: "times", color: "NEGATIVE")
                  )
                },
                selectionDisabled: isnull(
                  fv!item[#"urn:appian:record-field:v1:6c3fef7d-77e0-454a-a6e6-3fbd78751e4e/a0ee4ee6-6177-4347-baa8-cbb09fedb777"]
                )
              ),
              #"SYSTEM_SYSRULES_gridRowLayout"(
                contents: {
                  #"SYSTEM_SYSRULES_textField"(readOnly: true()),
                  #"SYSTEM_SYSRULES_textField"(readOnly: true()),
                  #"SYSTEM_SYSRULES_textField"(readOnly: true()),
                  #"SYSTEM_SYSRULES_richTextDisplayField"(
                    value: #"SYSTEM_SYSRULES_richTextItem_v1"(
                      text: sum(
                        {
                          0,
                          index(
                            local!Level5Data,
                            #"urn:appian:record-field:v1:6c3fef7d-77e0-454a-a6e6-3fbd78751e4e/4a87dcd6-40a3-425e-b49a-9c2a21194049",
                            {}
                          )
                        }
                      ),
                      color: if(
                        sum(
                          {
                            0,
                            index(
                              local!Level5Data,
                              #"urn:appian:record-field:v1:6c3fef7d-77e0-454a-a6e6-3fbd78751e4e/4a87dcd6-40a3-425e-b49a-9c2a21194049",
                              {}
                            )
                          }
                        )=ri!SelectedLevel4Data[#"urn:appian:record-field:v1:6c3fef7d-77e0-454a-a6e6-3fbd78751e4e/4a87dcd6-40a3-425e-b49a-9c2a21194049"],
                        "",
                        "NEGATIVE"
                      ),
                      style: "STRONG"
                    ),
                    align: "RIGHT"
                  ),
                  #"SYSTEM_SYSRULES_richTextDisplayField"(
                    value: #"SYSTEM_SYSRULES_richTextItem_v1"(
                      text: sum(
                        {
                          0,
                          index(
                            local!Level5Data,
                            #"urn:appian:record-field:v1:6c3fef7d-77e0-454a-a6e6-3fbd78751e4e/91389541-30c2-45d3-84c9-19dfc76881e9",
                            {}
                          )
                        }
                      ),
                      style: "STRONG"
                    ),
                    align: "RIGHT"
                  ),
                  #"SYSTEM_SYSRULES_richTextDisplayField"(
                    value: #"SYSTEM_SYSRULES_richTextItem_v1"(
                      text: sum(
                        {
                          0,
                          index(
                            local!Level5Data,
                            #"urn:appian:record-field:v1:6c3fef7d-77e0-454a-a6e6-3fbd78751e4e/d9099139-1e33-4ead-8581-37e4391ac1aa",
                            {}
                          )
                        }
                      ),
                      style: "STRONG"
                    ),
                    align: "RIGHT"
                  ),
                  #"SYSTEM_SYSRULES_richTextDisplayField"(
                    value: #"SYSTEM_SYSRULES_richTextItem_v1"(
                      text: sum(
                        {
                          0,
                          index(
                            local!Level5Data,
                            #"urn:appian:record-field:v1:6c3fef7d-77e0-454a-a6e6-3fbd78751e4e/8252de75-cc6a-4ac5-9d94-75d7c10f2e62",
                            {}
                          )
                        }
                      ),
                      color: if(
                        sum(
                          {
                            0,
                            index(
                              local!Level5Data,
                              #"urn:appian:record-field:v1:6c3fef7d-77e0-454a-a6e6-3fbd78751e4e/8252de75-cc6a-4ac5-9d94-75d7c10f2e62",
                              {}
                            )
                          }
                        ) = todecimal(100),
                        "",
                        "NEGATIVE"
                      ),
                      style: "STRONG"
                    ),
                    align: "RIGHT"
                  ),
                  #"SYSTEM_SYSRULES_richTextDisplayField"(
                    value: #"SYSTEM_SYSRULES_richTextItem_v1"(
                      text: sum(
                        {
                          0,
                          index(
                            local!Level5Data,
                            #"urn:appian:record-field:v1:6c3fef7d-77e0-454a-a6e6-3fbd78751e4e/2a957af8-bc94-4395-afea-67d717bea140",
                            {}
                          )
                        }
                      ),
                      color: if(
                        sum(
                          {
                            0,
                            index(
                              local!Level5Data,
                              #"urn:appian:record-field:v1:6c3fef7d-77e0-454a-a6e6-3fbd78751e4e/2a957af8-bc94-4395-afea-67d717bea140",
                              {}
                            )
                          }
                        ) = todecimal(100),
                        "",
                        "NEGATIVE"
                      ),
                      style: "STRONG"
                    ),
                    align: "RIGHT"
                  ),
                  #"SYSTEM_SYSRULES_richTextDisplayField"()        
                },
                showWhen: fv!isLast,
                selectionDisabled: true()
              )
            }
          ),
          selectionValue: tointeger(
            index(
              local!SelectedData,
              #"urn:appian:record-field:v1:6c3fef7d-77e0-454a-a6e6-3fbd78751e4e/a0ee4ee6-6177-4347-baa8-cbb09fedb777",
              {}
            )
          ),
          selectionSaveInto: {
            a!save(
              local!SelectedData,
              if(
                isnull(save!value),
                null,
                index(
                  local!Level5Data,
                  wherecontains(
                    tointeger(index(save!value, count(save!value), {})),
                    tointeger(
                      index(
                        local!Level5Data,
                        #"urn:appian:record-field:v1:6c3fef7d-77e0-454a-a6e6-3fbd78751e4e/a0ee4ee6-6177-4347-baa8-cbb09fedb777",
                        {}
                      )
                    )
                  ),
                  null
                )
              )
            )
          },
          selectable: local!IsEditBudget &lt;&gt; true(),
          selectionStyle: "ROW_HIGHLIGHT",
          addRowLink: #"SYSTEM_SYSRULES_dynamicLink"(
            label: #"_a-0000ea32-66e7-8000-9be7-011c48011c48_578271"[62],
            saveInto: {
              a!save(local!SelectedData, null),
              a!save(
                local!Level5Data,
                append(
                  local!Level5Data,
                  #"urn:appian:record-type:v1:6c3fef7d-77e0-454a-a6e6-3fbd78751e4e"(
                    #"urn:appian:record-field:v1:6c3fef7d-77e0-454a-a6e6-3fbd78751e4e/dc995d66-0ab5-424a-adb6-e89481dfc1ed": ri!SelectedLevel4Data[#"urn:appian:record-field:v1:6c3fef7d-77e0-454a-a6e6-3fbd78751e4e/a0ee4ee6-6177-4347-baa8-cbb09fedb777"],
                    #"urn:appian:record-field:v1:6c3fef7d-77e0-454a-a6e6-3fbd78751e4e/8e1e27e5-af5d-4579-85a4-15eeb3be449c": ri!SelectedLevel4Data[#"urn:appian:record-field:v1:6c3fef7d-77e0-454a-a6e6-3fbd78751e4e/8e1e27e5-af5d-4579-85a4-15eeb3be449c"] + 1,
                    #"urn:appian:record-field:v1:6c3fef7d-77e0-454a-a6e6-3fbd78751e4e/ddd5309f-1863-4af7-8066-a36a5a6a98d7": concat(
                      ri!SelectedLevel4Data[#"urn:appian:record-field:v1:6c3fef7d-77e0-454a-a6e6-3fbd78751e4e/ddd5309f-1863-4af7-8066-a36a5a6a98d7"],
                      ".",
                      count(local!Level5Data) + 1
                    ),
                    #"urn:appian:record-field:v1:6c3fef7d-77e0-454a-a6e6-3fbd78751e4e/b2fbdf5a-e166-4e82-85dc-8117fea6e396": #"_a-0000ea32-66e7-8000-9be7-011c48011c48_578271"[72],
                    #"urn:appian:record-field:v1:6c3fef7d-77e0-454a-a6e6-3fbd78751e4e/6df83b4b-ae56-46ed-b36c-eecfdd6e85f8": null,
                    #"urn:appian:record-field:v1:6c3fef7d-77e0-454a-a6e6-3fbd78751e4e/4a87dcd6-40a3-425e-b49a-9c2a21194049": 0,
                    #"urn:appian:record-field:v1:6c3fef7d-77e0-454a-a6e6-3fbd78751e4e/91389541-30c2-45d3-84c9-19dfc76881e9": 0,
                    #"urn:appian:record-field:v1:6c3fef7d-77e0-454a-a6e6-3fbd78751e4e/d9099139-1e33-4ead-8581-37e4391ac1aa": 0,
                    #"urn:appian:record-field:v1:6c3fef7d-77e0-454a-a6e6-3fbd78751e4e/8252de75-cc6a-4ac5-9d94-75d7c10f2e62": 0,
                    #"urn:appian:record-field:v1:6c3fef7d-77e0-454a-a6e6-3fbd78751e4e/2a957af8-bc94-4395-afea-67d717bea140": 0,
                    #"urn:appian:record-field:v1:6c3fef7d-77e0-454a-a6e6-3fbd78751e4e/dab6aaef-3e9b-4a65-b601-fe1083416dfc": loggedInUser(),
                    #"urn:appian:record-field:v1:6c3fef7d-77e0-454a-a6e6-3fbd78751e4e/497dd019-f9b0-44c7-b738-8722ed114f9d": now(),
                    #"urn:appian:record-field:v1:6c3fef7d-77e0-454a-a6e6-3fbd78751e4e/8ff7f45f-4b7e-4cb8-a3fb-90c7f495996c": loggedInUser(),
                    #"urn:appian:record-field:v1:6c3fef7d-77e0-454a-a6e6-3fbd78751e4e/4b996fd8-c25a-488d-8b5a-5812e42b6428": now()
                  )
                )
              )
            },
            showWhen: and(
              apply(
                a!isNotNullOrEmpty(_),
                index(
                  local!Level5Data,
                  #"urn:appian:record-field:v1:6c3fef7d-77e0-454a-a6e6-3fbd78751e4e/a0ee4ee6-6177-4347-baa8-cbb09fedb777",
                  null
                )
              ),
              local!IsEditBudget
            )
          ),
          shadeAlternateRows: true(),
          spacing: "DENSE",
          borderStyle: "LIGHT"
        ),
        #"SYSTEM_SYSRULES_sectionLayout_v1"(
          contents: #"SYSTEM_SYSRULES_ButtonLayout"(
            primaryButtons: {
              #"SYSTEM_SYSRULES_ButtonWidget"(
                label: #"_a-0000ea32-66e7-8000-9be7-011c48011c48_578271"[8],
                icon: "edit",
                saveInto: #"SYSTEM_SYSRULES_writeRecords"(
                  records: local!Level5Data,
                  onSuccess: a!save(local!Refresh, now())
                ),
                size: "SMALL",
                style: "PRIMARY",
                loadingIndicator: true(),
                showWhen: local!IsEditBudget = true(),
                validate: true()
              ),
              #"SYSTEM_SYSRULES_ButtonWidget"(
                label: #"_a-0000ea32-66e7-8000-9be7-011c48011c48_578271"[59],
                icon: "edit",
                value: true(),
                saveInto: local!IsEditBudget,
                size: "SMALL",
                style: "PRIMARY",
                loadingIndicator: true(),
                showWhen: local!IsEditBudget &lt;&gt; true()
              )
            },
            secondaryButtons: #"SYSTEM_SYSRULES_ButtonWidget"(
              label: #"_a-0000ea32-66e7-8000-9be7-011c48011c48_578271"[9],
              icon: "times",
              saveInto: a!save(local!Refresh, now()),
              size: "SMALL",
              style: "DESTRUCTIVE",
              loadingIndicator: true(),
              showWhen: local!IsEditBudget = true()
            )
          ),
          divider: "ABOVE",
          marginBelow: "NONE"
        )
      },
      style: "#428CD0",
      shape: "ROUNDED",
      isCollapsible: true(),
      showBorder: false(),
      showShadow: true()
    ),
    #"SYSTEM_SYSRULES_imageField_v1"(
      images: #"SYSTEM_SYSRULES_documentImage"(
        document: #"SYSTEM_SYSRULES_iconIndicator"(icon: "MOVE_DOWN")
      ),
      showWhen: a!isNotNullOrEmpty(local!SelectedData),
      align: "CENTER",
      marginBelow: "EVEN_LESS"
    ),
    if(
      a!isNullOrEmpty(local!SelectedData),
      {},
      #"_a-0000ea32-66e7-8000-9be7-011c48011c48_576241"(SelectedLevel5Data: local!SelectedData, PreviousLabel: concat(ri!PreviousLabel, " -&gt; ",local!SelectedData[#"urn:appian:record-field:v1:6c3fef7d-77e0-454a-a6e6-3fbd78751e4e/6df83b4b-ae56-46ed-b36c-eecfdd6e85f8"]), RefreshL4: ri!RefreshL4)
    )
  }
)</definition>
        <namedTypedValue>
            <name>SelectedLevel4Data</name>
            <type>
                <name>6c3fef7d-77e0-454a-a6e6-3fbd78751e4e</name>
                <namespace>urn:com:appian:recordtype:datatype</namespace>
            </type>
        </namedTypedValue>
        <namedTypedValue>
            <name>PreviousLabel</name>
            <type>
                <name>string</name>
                <namespace>http://www.w3.org/2001/XMLSchema</namespace>
            </type>
            <value/>
        </namedTypedValue>
        <namedTypedValue>
            <name>RefreshL4</name>
            <type>
                <name>dateTime</name>
                <namespace>http://www.w3.org/2001/XMLSchema</namespace>
            </type>
        </namedTypedValue>
        <preferredEditor>interface</preferredEditor>
        <offlineEnabled>false</offlineEnabled>
        <isCustom>false</isCustom>
    </interface>
    <roleMap public="true">
        <role inherit="true" allowForAll="false" name="readers">
            <users/>
            <groups/>
        </role>
        <role inherit="true" allowForAll="false" name="authors">
            <users/>
            <groups/>
        </role>
        <role inherit="true" allowForAll="false" name="administrators">
            <users/>
            <groups/>
        </role>
        <role inherit="false" allowForAll="false" name="denyReaders">
            <users/>
            <groups/>
        </role>
        <role inherit="false" allowForAll="false" name="denyAuthors">
            <users/>
            <groups/>
        </role>
        <role inherit="false" allowForAll="false" name="denyAdministrators">
            <users/>
            <groups/>
        </role>
    </roleMap>
    <typedValue>
        <type>
            <name>RuleTestConfig?list</name>
            <namespace>http://www.appian.com/ae/types/2009</namespace>
        </type>
        <value>
            <el>
                <a:name/>
                <a:ruleInputTestConfigs>
                    <a:value xmlns:xsi="http://www.w3.org/2001/XMLSchema-instance" xsi:type="a:Expression">#"SYSTEM_SYSRULES_queryRecordType_v1"(
  recordType: #"urn:appian:record-type:v1:6c3fef7d-77e0-454a-a6e6-3fbd78751e4e",
  filters: {
    #"SYSTEM_SYSRULES_queryFilter"(
      field: #"urn:appian:record-field:v1:6c3fef7d-77e0-454a-a6e6-3fbd78751e4e/8e1e27e5-af5d-4579-85a4-15eeb3be449c",
      operator: "=",
      value: 4
    ),
    #"SYSTEM_SYSRULES_queryFilter"(
      field: #"urn:appian:record-field:v1:6c3fef7d-77e0-454a-a6e6-3fbd78751e4e/9487c88e-4916-4c8b-8d8c-c104fb818c37",
      operator: "&lt;&gt;",
      value: "Management"
    )
  },
  pagingInfo: #"SYSTEM_SYSRULES_pagingInfo"(
    1,
    1,
    #"SYSTEM_SYSRULES_sortInfo"(
      field: #"urn:appian:record-field:v1:6c3fef7d-77e0-454a-a6e6-3fbd78751e4e/a0ee4ee6-6177-4347-baa8-cbb09fedb777",
      ascending: true()
    )
  )
).data</a:value>
                    <a:nameRef>SelectedLevel4Data</a:nameRef>
                    <a:id>1</a:id>
                </a:ruleInputTestConfigs>
                <a:ruleInputTestConfigs>
                    <a:value xmlns:xsd="http://www.w3.org/2001/XMLSchema" xmlns:xsi="http://www.w3.org/2001/XMLSchema-instance" xsi:type="xsd:string"/>
                    <a:nameRef>PreviousLabel</a:nameRef>
                    <a:id>2</a:id>
                </a:ruleInputTestConfigs>
                <a:ruleInputTestConfigs>
                    <a:value xmlns:xsd="http://www.w3.org/2001/XMLSchema" xmlns:xsi="http://www.w3.org/2001/XMLSchema-instance" xsi:nil="true" xsi:type="xsd:dateTime"/>
                    <a:nameRef>RefreshL4</a:nameRef>
                    <a:id>3</a:id>
                </a:ruleInputTestConfigs>
                <a:assertions xmlns:xsi="http://www.w3.org/2001/XMLSchema-instance" xsi:nil="true"/>
            </el>
        </value>
    </typedValue>
    <history>
        <historyInfo versionUuid="_a-0000ea32-66e7-8000-9be7-011c48011c48_578259"/>
        <historyInfo versionUuid="_a-0000ea32-66e7-8000-9be7-011c48011c48_578566"/>
        <historyInfo versionUuid="_a-0000ea32-66e7-8000-9be7-011c48011c48_582932"/>
        <historyInfo versionUuid="_a-0000ea32-66e7-8000-9be7-011c48011c48_583960"/>
    </history>
</contentHaul>
