<?xml version="1.0" encoding="UTF-8" standalone="yes"?>
<contentHaul xmlns:a="http://www.appian.com/ae/types/2009">
    <versionUuid>_a-0000ea32-66e7-8000-9be7-011c48011c48_583843</versionUuid>
    <interface>
        <name>AOP_Level2</name>
        <uuid>_a-0000ea32-66e7-8000-9be7-011c48011c48_573874</uuid>
        <description></description>
        <parentUuid>b6a69d31-f76d-4d15-a8ab-8de2124c1392</parentUuid>
        <visibility>
            <advertise>false</advertise>
            <hierarchy>true</hierarchy>
            <indexable>true</indexable>
            <quota>false</quota>
            <searchable>true</searchable>
            <system>false</system>
            <unlogged>false</unlogged>
        </visibility>
        <definition>a!localVariables(
  local!Refresh: now(),
  local!Level2Data: a!refreshVariable(
    value: #"SYSTEM_SYSRULES_queryRecordType_v1"(
      recordType: #"urn:appian:record-type:v1:6c3fef7d-77e0-454a-a6e6-3fbd78751e4e",
      filters: #"SYSTEM_SYSRULES_queryFilter"(
        field: #"urn:appian:record-field:v1:6c3fef7d-77e0-454a-a6e6-3fbd78751e4e/dc995d66-0ab5-424a-adb6-e89481dfc1ed",
        operator: "=",
        value: ri!SelectedLevel1Data[#"urn:appian:record-field:v1:6c3fef7d-77e0-454a-a6e6-3fbd78751e4e/a0ee4ee6-6177-4347-baa8-cbb09fedb777"]
      ),
      pagingInfo: #"SYSTEM_SYSRULES_pagingInfo"(
        1,
        100,
        #"SYSTEM_SYSRULES_sortInfo"(
          field: #"urn:appian:record-field:v1:6c3fef7d-77e0-454a-a6e6-3fbd78751e4e/a0ee4ee6-6177-4347-baa8-cbb09fedb777",
          ascending: true()
        )
      )
    ).data,
    refreshOnVarChange: {local!Refresh, ri!SelectedLevel1Data}
  ),
  local!SelectedData: a!refreshVariable(
    value: null(),
    refreshOnVarChange: local!Refresh
  ),
  {
    #"SYSTEM_SYSRULES_columnsLayout"(
      columns: {
        #"SYSTEM_SYSRULES_columnLayout"(
          contents: {},
          width: "2X"
        ),
        #"SYSTEM_SYSRULES_columnLayout"(
          contents: {
            #"SYSTEM_SYSRULES_boxLayout"(
              label: concat(ri!PreviousLabel, " -&gt; ", #"_a-0000ea32-66e7-8000-9be7-011c48011c48_578271"[13]),
              contents: {
                #"SYSTEM_SYSRULES_gridLayout"(
                  labelPosition: "COLLAPSED",
                  headerCells: {
                    #"SYSTEM_SYSRULES_gridLayoutHeaderCell"(label: #"_a-0000ea32-66e7-8000-9be7-011c48011c48_578271"[2]),
                    #"SYSTEM_SYSRULES_gridLayoutHeaderCell"(label: #"_a-0000ea32-66e7-8000-9be7-011c48011c48_578271"[3]),
                    #"SYSTEM_SYSRULES_gridLayoutHeaderCell"(label: #"_a-0000ea32-66e7-8000-9be7-011c48011c48_578271"[4]),
                    #"SYSTEM_SYSRULES_gridLayoutHeaderCell"(label: #"_a-0000ea32-66e7-8000-9be7-011c48011c48_578271"[5]),
                    #"SYSTEM_SYSRULES_gridLayoutHeaderCell"(label: "")
                  },
                  columnConfigs: {
                    #"SYSTEM_SYSRULES_gridLayoutColumnConfig"(),
                    #"SYSTEM_SYSRULES_gridLayoutColumnConfig"(),
                    #"SYSTEM_SYSRULES_gridLayoutColumnConfig"(),
                    #"SYSTEM_SYSRULES_gridLayoutColumnConfig"(),
                    #"SYSTEM_SYSRULES_gridLayoutColumnConfig"(width: "ICON")
                  },
                  rows: #"SYSTEM_SYSRULES_forEach"(
                    items: local!Level2Data,
                    expression: #"SYSTEM_SYSRULES_gridRowLayout"(
                      id: fv!item[#"urn:appian:record-field:v1:6c3fef7d-77e0-454a-a6e6-3fbd78751e4e/a0ee4ee6-6177-4347-baa8-cbb09fedb777"],
                      contents: {
                        #"SYSTEM_SYSRULES_textField"(
                          value: fv!item[#"urn:appian:record-field:v1:6c3fef7d-77e0-454a-a6e6-3fbd78751e4e/ddd5309f-1863-4af7-8066-a36a5a6a98d7"],
                          readOnly: true()
                        ),
                        #"SYSTEM_SYSRULES_textField"(
                          value: fv!item[#"urn:appian:record-field:v1:6c3fef7d-77e0-454a-a6e6-3fbd78751e4e/6df83b4b-ae56-46ed-b36c-eecfdd6e85f8"],
                          saveInto: fv!item[#"urn:appian:record-field:v1:6c3fef7d-77e0-454a-a6e6-3fbd78751e4e/6df83b4b-ae56-46ed-b36c-eecfdd6e85f8"],
                          characterLimit: 255,
                          showCharacterCount: false(),
                          required: true(),
                          readOnly: a!isNotNullOrEmpty(
                            fv!item[#"urn:appian:record-field:v1:6c3fef7d-77e0-454a-a6e6-3fbd78751e4e/a0ee4ee6-6177-4347-baa8-cbb09fedb777"]
                          )
                        ),
                        #"SYSTEM_SYSRULES_textField"(
                          value: fv!item[#"urn:appian:record-field:v1:6c3fef7d-77e0-454a-a6e6-3fbd78751e4e/b2fbdf5a-e166-4e82-85dc-8117fea6e396"],
                          readOnly: true()
                        ),
                        #"SYSTEM_SYSRULES_textField"(
                          value: fv!item[#"urn:appian:record-field:v1:6c3fef7d-77e0-454a-a6e6-3fbd78751e4e/8e1e27e5-af5d-4579-85a4-15eeb3be449c"],
                          readOnly: true()
                        ),
                        #"SYSTEM_SYSRULES_richTextDisplayField"(
                          value: #"SYSTEM_SYSRULES_richTextIcon"(icon: "times", color: "NEGATIVE")
                        )
                      },
                      selectionDisabled: isnull(
                        fv!item[#"urn:appian:record-field:v1:6c3fef7d-77e0-454a-a6e6-3fbd78751e4e/a0ee4ee6-6177-4347-baa8-cbb09fedb777"]
                      )
                    )
                  ),
                  selectionValue: tointeger(
                    index(
                      local!SelectedData,
                      #"urn:appian:record-field:v1:6c3fef7d-77e0-454a-a6e6-3fbd78751e4e/a0ee4ee6-6177-4347-baa8-cbb09fedb777",
                      {}
                    )
                  ),
                  selectionSaveInto: { a!save(local!SelectedData, if(
                    isnull(save!value),
                    null,
                    index(
                      local!Level2Data,
                      wherecontains(
                        tointeger(index(save!value, count(save!value), {})),
                        tointeger(index(local!Level2Data,#"urn:appian:record-field:v1:6c3fef7d-77e0-454a-a6e6-3fbd78751e4e/a0ee4ee6-6177-4347-baa8-cbb09fedb777",{}))
                      ),
                      null
                    )
                  )) },
                  selectable: true(),
                  selectionStyle: "ROW_HIGHLIGHT",
                  addRowLink: #"SYSTEM_SYSRULES_dynamicLink"(
                    label: #"_a-0000ea32-66e7-8000-9be7-011c48011c48_578271"[14],
                    saveInto: {
                      a!save(local!SelectedData, null),
                      a!save(
                        local!Level2Data,
                        append(
                          local!Level2Data,
                          #"urn:appian:record-type:v1:6c3fef7d-77e0-454a-a6e6-3fbd78751e4e"(
                    #"urn:appian:record-field:v1:6c3fef7d-77e0-454a-a6e6-3fbd78751e4e/dc995d66-0ab5-424a-adb6-e89481dfc1ed": ri!SelectedLevel1Data[#"urn:appian:record-field:v1:6c3fef7d-77e0-454a-a6e6-3fbd78751e4e/a0ee4ee6-6177-4347-baa8-cbb09fedb777"],
                    #"urn:appian:record-field:v1:6c3fef7d-77e0-454a-a6e6-3fbd78751e4e/8e1e27e5-af5d-4579-85a4-15eeb3be449c": ri!SelectedLevel1Data[#"urn:appian:record-field:v1:6c3fef7d-77e0-454a-a6e6-3fbd78751e4e/8e1e27e5-af5d-4579-85a4-15eeb3be449c"]+1,
                    #"urn:appian:record-field:v1:6c3fef7d-77e0-454a-a6e6-3fbd78751e4e/ddd5309f-1863-4af7-8066-a36a5a6a98d7": concat(ri!SelectedLevel1Data[#"urn:appian:record-field:v1:6c3fef7d-77e0-454a-a6e6-3fbd78751e4e/ddd5309f-1863-4af7-8066-a36a5a6a98d7"], ".", count(local!Level2Data) + 1),
                    #"urn:appian:record-field:v1:6c3fef7d-77e0-454a-a6e6-3fbd78751e4e/b2fbdf5a-e166-4e82-85dc-8117fea6e396": #"_a-0000ea32-66e7-8000-9be7-011c48011c48_578271"[15],
                    #"urn:appian:record-field:v1:6c3fef7d-77e0-454a-a6e6-3fbd78751e4e/6df83b4b-ae56-46ed-b36c-eecfdd6e85f8": null,
                    #"urn:appian:record-field:v1:6c3fef7d-77e0-454a-a6e6-3fbd78751e4e/dab6aaef-3e9b-4a65-b601-fe1083416dfc": loggedInUser(),
                    #"urn:appian:record-field:v1:6c3fef7d-77e0-454a-a6e6-3fbd78751e4e/497dd019-f9b0-44c7-b738-8722ed114f9d": now(),
                    #"urn:appian:record-field:v1:6c3fef7d-77e0-454a-a6e6-3fbd78751e4e/8ff7f45f-4b7e-4cb8-a3fb-90c7f495996c": loggedInUser(),
                    #"urn:appian:record-field:v1:6c3fef7d-77e0-454a-a6e6-3fbd78751e4e/4b996fd8-c25a-488d-8b5a-5812e42b6428": now()
                  )
                        )
                      )
                    },
                    showWhen: and(
                      apply(
                        a!isNotNullOrEmpty(_),
                        index(
                          local!Level2Data,
                          #"urn:appian:record-field:v1:6c3fef7d-77e0-454a-a6e6-3fbd78751e4e/a0ee4ee6-6177-4347-baa8-cbb09fedb777",
                          null
                        )
                      )
                    )
                  ),
                  shadeAlternateRows: true(),
                  spacing: "DENSE",
                  borderStyle: "LIGHT"
                ),
                #"SYSTEM_SYSRULES_sectionLayout_v1"(
                  contents: #"SYSTEM_SYSRULES_ButtonLayout"(
                    primaryButtons: #"SYSTEM_SYSRULES_ButtonWidget"(
                      label: #"_a-0000ea32-66e7-8000-9be7-011c48011c48_578271"[8],
                      icon: "edit",
                      saveInto: #"SYSTEM_SYSRULES_writeRecords"(
                        records: local!Level2Data[count(local!Level2Data)],
                        onSuccess: a!save(local!Refresh, now())
                      ),
                      size: "SMALL",
                      style: "PRIMARY",
                      loadingIndicator: true()
                    ),
                    secondaryButtons: #"SYSTEM_SYSRULES_ButtonWidget"(
                      label: #"_a-0000ea32-66e7-8000-9be7-011c48011c48_578271"[9],
                      icon: "times",
                      saveInto: a!save(local!Refresh, now()),
                      size: "SMALL",
                      style: "DESTRUCTIVE",
                      loadingIndicator: true()
                    )
                  ),
                  showWhen: or(
                    apply(
                      a!isNullOrEmpty(_),
                      index(
                        local!Level2Data,
                        #"urn:appian:record-field:v1:6c3fef7d-77e0-454a-a6e6-3fbd78751e4e/a0ee4ee6-6177-4347-baa8-cbb09fedb777",
                        null
                      )
                    )
                  ),
                  divider: "ABOVE",
                  marginBelow: "NONE"
                )
              },
              style: "#428CD0",
              shape: "ROUNDED",
              isCollapsible: true(),
              showBorder: false(),
              showShadow: true()
            )
          },
          width: "6X"
        ),
        #"SYSTEM_SYSRULES_columnLayout"(
          contents: {},
          width: "2X"
        )
      },
      marginBelow: "NONE"
    ),
    #"SYSTEM_SYSRULES_imageField_v1"(
      images: #"SYSTEM_SYSRULES_documentImage"(
        document: #"SYSTEM_SYSRULES_iconIndicator"(icon: "MOVE_DOWN")
      ),
      showWhen: a!isNotNullOrEmpty(local!SelectedData),
      align: "CENTER",
      marginBelow: "EVEN_LESS"
    ),
    if(
      a!isNullOrEmpty(local!SelectedData),
      {},
      #"_a-0000ea32-66e7-8000-9be7-011c48011c48_574078"(SelectedLevel2Data: local!SelectedData, PreviousLabel: concat(ri!PreviousLabel, " -&gt; ",local!SelectedData[#"urn:appian:record-field:v1:6c3fef7d-77e0-454a-a6e6-3fbd78751e4e/6df83b4b-ae56-46ed-b36c-eecfdd6e85f8"]))
    )
  }
)</definition>
        <namedTypedValue>
            <name>SelectedLevel1Data</name>
            <type>
                <name>6c3fef7d-77e0-454a-a6e6-3fbd78751e4e</name>
                <namespace>urn:com:appian:recordtype:datatype</namespace>
            </type>
        </namedTypedValue>
        <namedTypedValue>
            <name>PreviousLabel</name>
            <type>
                <name>string</name>
                <namespace>http://www.w3.org/2001/XMLSchema</namespace>
            </type>
            <value/>
        </namedTypedValue>
        <preferredEditor>interface</preferredEditor>
        <offlineEnabled>false</offlineEnabled>
        <isCustom>false</isCustom>
    </interface>
    <roleMap public="true">
        <role inherit="true" allowForAll="false" name="readers">
            <users/>
            <groups/>
        </role>
        <role inherit="true" allowForAll="false" name="authors">
            <users/>
            <groups/>
        </role>
        <role inherit="true" allowForAll="false" name="administrators">
            <users/>
            <groups/>
        </role>
        <role inherit="false" allowForAll="false" name="denyReaders">
            <users/>
            <groups/>
        </role>
        <role inherit="false" allowForAll="false" name="denyAuthors">
            <users/>
            <groups/>
        </role>
        <role inherit="false" allowForAll="false" name="denyAdministrators">
            <users/>
            <groups/>
        </role>
    </roleMap>
    <typedValue>
        <type>
            <name>RuleTestConfig?list</name>
            <namespace>http://www.appian.com/ae/types/2009</namespace>
        </type>
        <value>
            <el>
                <a:name/>
                <a:ruleInputTestConfigs>
                    <a:value xmlns:xsi="http://www.w3.org/2001/XMLSchema-instance" xsi:type="a:Expression">#"SYSTEM_SYSRULES_queryRecordType_v1"(
  recordType: #"urn:appian:record-type:v1:6c3fef7d-77e0-454a-a6e6-3fbd78751e4e",
  filters: #"SYSTEM_SYSRULES_queryFilter"(
    field: #"urn:appian:record-field:v1:6c3fef7d-77e0-454a-a6e6-3fbd78751e4e/8e1e27e5-af5d-4579-85a4-15eeb3be449c",
    operator: "=",
    value: 1
  ),
  pagingInfo: #"SYSTEM_SYSRULES_pagingInfo"(
    1,
    1,
    #"SYSTEM_SYSRULES_sortInfo"(
      field: #"urn:appian:record-field:v1:6c3fef7d-77e0-454a-a6e6-3fbd78751e4e/a0ee4ee6-6177-4347-baa8-cbb09fedb777",
      ascending: true()
    )
  )
).data</a:value>
                    <a:nameRef>SelectedLevel1Data</a:nameRef>
                    <a:id>1</a:id>
                </a:ruleInputTestConfigs>
                <a:ruleInputTestConfigs>
                    <a:value xmlns:xsd="http://www.w3.org/2001/XMLSchema" xmlns:xsi="http://www.w3.org/2001/XMLSchema-instance" xsi:type="xsd:string"/>
                    <a:nameRef>PreviousLabel</a:nameRef>
                    <a:id>2</a:id>
                </a:ruleInputTestConfigs>
                <a:assertions xmlns:xsi="http://www.w3.org/2001/XMLSchema-instance" xsi:nil="true"/>
            </el>
        </value>
    </typedValue>
    <history>
        <historyInfo versionUuid="_a-0000ea32-66e7-8000-9be7-011c48011c48_577796"/>
        <historyInfo versionUuid="_a-0000ea32-66e7-8000-9be7-011c48011c48_578442"/>
        <historyInfo versionUuid="_a-0000ea32-66e7-8000-9be7-011c48011c48_581523"/>
        <historyInfo versionUuid="_a-0000ea32-66e7-8000-9be7-011c48011c48_583843"/>
    </history>
</contentHaul>
