<?xml version="1.0" encoding="UTF-8" standalone="yes"?>
<contentHaul xmlns:a="http://www.appian.com/ae/types/2009">
    <versionUuid>_a-0000ea32-66e7-8000-9be7-011c48011c48_583961</versionUuid>
    <interface>
        <name>AOP_Level4</name>
        <uuid>_a-0000ea32-66e7-8000-9be7-011c48011c48_574596</uuid>
        <description></description>
        <parentUuid>b6a69d31-f76d-4d15-a8ab-8de2124c1392</parentUuid>
        <visibility>
            <advertise>false</advertise>
            <hierarchy>true</hierarchy>
            <indexable>true</indexable>
            <quota>false</quota>
            <searchable>true</searchable>
            <system>false</system>
            <unlogged>false</unlogged>
        </visibility>
        <definition>a!localVariables(
  local!Refresh: now(),
  local!Level4Data: a!refreshVariable(
    value: #"SYSTEM_SYSRULES_queryRecordType_v1"(
      recordType: #"urn:appian:record-type:v1:6c3fef7d-77e0-454a-a6e6-3fbd78751e4e",
      filters: #"SYSTEM_SYSRULES_queryFilter"(
        field: #"urn:appian:record-field:v1:6c3fef7d-77e0-454a-a6e6-3fbd78751e4e/dc995d66-0ab5-424a-adb6-e89481dfc1ed",
        operator: "=",
        value: ri!SelectedLevel3Data[#"urn:appian:record-field:v1:6c3fef7d-77e0-454a-a6e6-3fbd78751e4e/a0ee4ee6-6177-4347-baa8-cbb09fedb777"]
      ),
      pagingInfo: #"SYSTEM_SYSRULES_pagingInfo"(
        1,
        100,
        #"SYSTEM_SYSRULES_sortInfo"(
          field: #"urn:appian:record-field:v1:6c3fef7d-77e0-454a-a6e6-3fbd78751e4e/a0ee4ee6-6177-4347-baa8-cbb09fedb777",
          ascending: true()
        )
      )
    ).data,
    refreshOnVarChange: local!Refresh
  ),
  local!IsEditBudget: a!refreshVariable(
    value: false(),
    refreshOnVarChange: { local!Refresh}
  ),
  local!SelectedData: a!refreshVariable(
    value: null(),
    refreshOnVarChange: {local!IsEditBudget }
  ),
  {
    #"SYSTEM_SYSRULES_boxLayout"(
      label: concat(
        ri!PreviousLabel,
        " -&gt; ",
        #"_a-0000ea32-66e7-8000-9be7-011c48011c48_578271"[19]
      ),
      contents: {
        #"SYSTEM_SYSRULES_gridLayout"(
          label: #"_a-0000ea32-66e7-8000-9be7-011c48011c48_578271"[20],
          headerCells: {
            #"SYSTEM_SYSRULES_gridLayoutHeaderCell"(label: #"_a-0000ea32-66e7-8000-9be7-011c48011c48_578271"[2]),
            #"SYSTEM_SYSRULES_gridLayoutHeaderCell"(label: #"_a-0000ea32-66e7-8000-9be7-011c48011c48_578271"[5], align: "RIGHT"),
            #"SYSTEM_SYSRULES_gridLayoutHeaderCell"(label: #"_a-0000ea32-66e7-8000-9be7-011c48011c48_578271"[21]),
            #"SYSTEM_SYSRULES_gridLayoutHeaderCell"(label: #"_a-0000ea32-66e7-8000-9be7-011c48011c48_578271"[22]),
            #"SYSTEM_SYSRULES_gridLayoutHeaderCell"(label: #"_a-0000ea32-66e7-8000-9be7-011c48011c48_578271"[23], align: "RIGHT"),
            #"SYSTEM_SYSRULES_gridLayoutHeaderCell"(label: #"_a-0000ea32-66e7-8000-9be7-011c48011c48_578271"[24], align: "RIGHT"),
            #"SYSTEM_SYSRULES_gridLayoutHeaderCell"(label: #"_a-0000ea32-66e7-8000-9be7-011c48011c48_578271"[25], align: "RIGHT"),
            #"SYSTEM_SYSRULES_gridLayoutHeaderCell"(label: #"_a-0000ea32-66e7-8000-9be7-011c48011c48_578271"[26], align: "RIGHT"),
            #"SYSTEM_SYSRULES_gridLayoutHeaderCell"(label: #"_a-0000ea32-66e7-8000-9be7-011c48011c48_578271"[27], align: "RIGHT"),
            #"SYSTEM_SYSRULES_gridLayoutHeaderCell"(label: "")
          },
          columnConfigs: {
            #"SYSTEM_SYSRULES_gridLayoutColumnConfig"(),
            #"SYSTEM_SYSRULES_gridLayoutColumnConfig"(),
            #"SYSTEM_SYSRULES_gridLayoutColumnConfig"(),
            #"SYSTEM_SYSRULES_gridLayoutColumnConfig"(),
            #"SYSTEM_SYSRULES_gridLayoutColumnConfig"(),
            #"SYSTEM_SYSRULES_gridLayoutColumnConfig"(),
            #"SYSTEM_SYSRULES_gridLayoutColumnConfig"(),
            #"SYSTEM_SYSRULES_gridLayoutColumnConfig"(),
            #"SYSTEM_SYSRULES_gridLayoutColumnConfig"(),
            #"SYSTEM_SYSRULES_gridLayoutColumnConfig"(width: "ICON")
          },
          rows: #"SYSTEM_SYSRULES_forEach"(
            items: local!Level4Data,
            expression: {
              #"SYSTEM_SYSRULES_gridRowLayout"(
                id: fv!item[#"urn:appian:record-field:v1:6c3fef7d-77e0-454a-a6e6-3fbd78751e4e/a0ee4ee6-6177-4347-baa8-cbb09fedb777"],
                contents: {
                  #"SYSTEM_SYSRULES_textField"(
                    value: fv!item[#"urn:appian:record-field:v1:6c3fef7d-77e0-454a-a6e6-3fbd78751e4e/ddd5309f-1863-4af7-8066-a36a5a6a98d7"],
                    readOnly: true()
                  ),
                  #"SYSTEM_SYSRULES_textField"(
                    value: fv!item[#"urn:appian:record-field:v1:6c3fef7d-77e0-454a-a6e6-3fbd78751e4e/8e1e27e5-af5d-4579-85a4-15eeb3be449c"],
                    readOnly: true(),
                    align: "RIGHT"
                  ),
                  #"SYSTEM_SYSRULES_textField"(
                    value: fv!item[#"urn:appian:record-field:v1:6c3fef7d-77e0-454a-a6e6-3fbd78751e4e/6df83b4b-ae56-46ed-b36c-eecfdd6e85f8"],
                    saveInto: fv!item[#"urn:appian:record-field:v1:6c3fef7d-77e0-454a-a6e6-3fbd78751e4e/6df83b4b-ae56-46ed-b36c-eecfdd6e85f8"],
                    characterLimit: 255,
                    showCharacterCount: false(),
                    required: true(),
                    readOnly: local!IsEditBudget &lt;&gt; true()
                  ),
                  #"SYSTEM_SYSRULES_dropdownField_v1"(
                    placeholder: #"_a-0000ea32-66e7-8000-9be7-011c48011c48_578271"[71],
                    choiceLabels: { #"_a-0000ea32-66e7-8000-9be7-011c48011c48_578271"[28], #"_a-0000ea32-66e7-8000-9be7-011c48011c48_578271"[29] },
                    choiceValues: { "Management", "With Budget" },
                    value: fv!item[#"urn:appian:record-field:v1:6c3fef7d-77e0-454a-a6e6-3fbd78751e4e/9487c88e-4916-4c8b-8d8c-c104fb818c37"],
                    saveInto: {
                      fv!item[#"urn:appian:record-field:v1:6c3fef7d-77e0-454a-a6e6-3fbd78751e4e/9487c88e-4916-4c8b-8d8c-c104fb818c37"],
                      a!save(
                        fv!item[#"urn:appian:record-field:v1:6c3fef7d-77e0-454a-a6e6-3fbd78751e4e/4a87dcd6-40a3-425e-b49a-9c2a21194049"],
                        0
                      ),
                      #"SYSTEM_SYSRULES_forEach"(
                        items: local!Level4Data,
                        expression: a!save(
                          local!Level4Data[fv!index][#"urn:appian:record-field:v1:6c3fef7d-77e0-454a-a6e6-3fbd78751e4e/91389541-30c2-45d3-84c9-19dfc76881e9"],
                          if(
                            local!Level4Data[fv!index][#"urn:appian:record-field:v1:6c3fef7d-77e0-454a-a6e6-3fbd78751e4e/4a87dcd6-40a3-425e-b49a-9c2a21194049"] &lt; 1,
                            0,
                            (
                              local!Level4Data[fv!index][#"urn:appian:record-field:v1:6c3fef7d-77e0-454a-a6e6-3fbd78751e4e/4a87dcd6-40a3-425e-b49a-9c2a21194049"] * 65
                            ) / sum(
                              {
                                0,
                                local!Level4Data[#"urn:appian:record-field:v1:6c3fef7d-77e0-454a-a6e6-3fbd78751e4e/4a87dcd6-40a3-425e-b49a-9c2a21194049"]
                              })
                          )
                        )
                      ),
                      a!save(
                        fv!item[#"urn:appian:record-field:v1:6c3fef7d-77e0-454a-a6e6-3fbd78751e4e/d9099139-1e33-4ead-8581-37e4391ac1aa"],
                        fv!item[#"urn:appian:record-field:v1:6c3fef7d-77e0-454a-a6e6-3fbd78751e4e/8252de75-cc6a-4ac5-9d94-75d7c10f2e62"] * 0.35
                      ),
                      #"SYSTEM_SYSRULES_forEach"(
                        items: local!Level4Data,
                        expression: a!save(
                          local!Level4Data[fv!index][#"urn:appian:record-field:v1:6c3fef7d-77e0-454a-a6e6-3fbd78751e4e/2a957af8-bc94-4395-afea-67d717bea140"],
                          local!Level4Data[fv!index][#"urn:appian:record-field:v1:6c3fef7d-77e0-454a-a6e6-3fbd78751e4e/91389541-30c2-45d3-84c9-19dfc76881e9"] + local!Level4Data[fv!index][#"urn:appian:record-field:v1:6c3fef7d-77e0-454a-a6e6-3fbd78751e4e/d9099139-1e33-4ead-8581-37e4391ac1aa"]
                        )
                      )
                    },
                    required: true(),
                    disabled: local!IsEditBudget &lt;&gt; true()
                  ),
                  #"SYSTEM_SYSRULES_floatingPointField"(
                    value: fv!item[#"urn:appian:record-field:v1:6c3fef7d-77e0-454a-a6e6-3fbd78751e4e/4a87dcd6-40a3-425e-b49a-9c2a21194049"],
                    saveInto: a!flatten(
                      {
                        a!save(
                          local!Level4Data[fv!index][#"urn:appian:record-field:v1:6c3fef7d-77e0-454a-a6e6-3fbd78751e4e/4a87dcd6-40a3-425e-b49a-9c2a21194049"],
                          save!value
                        ),
                        #"SYSTEM_SYSRULES_forEach"(
                          items: local!Level4Data,
                          expression: a!save(
                            local!Level4Data[fv!index][#"urn:appian:record-field:v1:6c3fef7d-77e0-454a-a6e6-3fbd78751e4e/91389541-30c2-45d3-84c9-19dfc76881e9"],
                            if(
                              local!Level4Data[fv!index][#"urn:appian:record-field:v1:6c3fef7d-77e0-454a-a6e6-3fbd78751e4e/4a87dcd6-40a3-425e-b49a-9c2a21194049"] &lt; 1,
                              0,
                              (
                                local!Level4Data[fv!index][#"urn:appian:record-field:v1:6c3fef7d-77e0-454a-a6e6-3fbd78751e4e/4a87dcd6-40a3-425e-b49a-9c2a21194049"] * 65
                              ) / sum(
                                {
                                  0,
                                  local!Level4Data[#"urn:appian:record-field:v1:6c3fef7d-77e0-454a-a6e6-3fbd78751e4e/4a87dcd6-40a3-425e-b49a-9c2a21194049"]
                                })
                            )
                          )
                        ),
                        a!save(
                          fv!item[#"urn:appian:record-field:v1:6c3fef7d-77e0-454a-a6e6-3fbd78751e4e/d9099139-1e33-4ead-8581-37e4391ac1aa"],
                          fv!item[#"urn:appian:record-field:v1:6c3fef7d-77e0-454a-a6e6-3fbd78751e4e/8252de75-cc6a-4ac5-9d94-75d7c10f2e62"] * 0.35
                        ),
                        #"SYSTEM_SYSRULES_forEach"(
                          items: local!Level4Data,
                          expression: a!save(
                            local!Level4Data[fv!index][#"urn:appian:record-field:v1:6c3fef7d-77e0-454a-a6e6-3fbd78751e4e/2a957af8-bc94-4395-afea-67d717bea140"],
                            local!Level4Data[fv!index][#"urn:appian:record-field:v1:6c3fef7d-77e0-454a-a6e6-3fbd78751e4e/91389541-30c2-45d3-84c9-19dfc76881e9"] + local!Level4Data[fv!index][#"urn:appian:record-field:v1:6c3fef7d-77e0-454a-a6e6-3fbd78751e4e/d9099139-1e33-4ead-8581-37e4391ac1aa"]
                          )
                        )
                      }
                    ),
                    required: true(),
                    readOnly: or(
                      local!IsEditBudget &lt;&gt; true(),
                      fv!item[#"urn:appian:record-field:v1:6c3fef7d-77e0-454a-a6e6-3fbd78751e4e/9487c88e-4916-4c8b-8d8c-c104fb818c37"] = "Management"
                    ),
                    validations: if(
                      and(
                        fv!item[#"urn:appian:record-field:v1:6c3fef7d-77e0-454a-a6e6-3fbd78751e4e/4a87dcd6-40a3-425e-b49a-9c2a21194049"] &gt;= 0,
                        fv!item[#"urn:appian:record-field:v1:6c3fef7d-77e0-454a-a6e6-3fbd78751e4e/4a87dcd6-40a3-425e-b49a-9c2a21194049"] &lt;= 9999999999
                      ),
                      "",
                      #"_a-0000ea32-66e7-8000-9be7-011c48011c48_578271"[30]
                    ),
                    align: "RIGHT"
                  ),
                  #"SYSTEM_SYSRULES_textField"(
                    value: mround(fv!item[#"urn:appian:record-field:v1:6c3fef7d-77e0-454a-a6e6-3fbd78751e4e/91389541-30c2-45d3-84c9-19dfc76881e9"],0.01),
                    readOnly: true(),
                    align: "RIGHT"
                  ),
                  #"SYSTEM_SYSRULES_textField"(
                    value: mround(fv!item[#"urn:appian:record-field:v1:6c3fef7d-77e0-454a-a6e6-3fbd78751e4e/d9099139-1e33-4ead-8581-37e4391ac1aa"],0.01),
                    readOnly: true(),
                    align: "RIGHT"
                  ),
                  #"SYSTEM_SYSRULES_floatingPointField"(
                    value: fv!item[#"urn:appian:record-field:v1:6c3fef7d-77e0-454a-a6e6-3fbd78751e4e/8252de75-cc6a-4ac5-9d94-75d7c10f2e62"],
                    saveInto: {
                      fv!item[#"urn:appian:record-field:v1:6c3fef7d-77e0-454a-a6e6-3fbd78751e4e/8252de75-cc6a-4ac5-9d94-75d7c10f2e62"],
                      a!save(
                        fv!item[#"urn:appian:record-field:v1:6c3fef7d-77e0-454a-a6e6-3fbd78751e4e/d9099139-1e33-4ead-8581-37e4391ac1aa"],
                        fv!item[#"urn:appian:record-field:v1:6c3fef7d-77e0-454a-a6e6-3fbd78751e4e/8252de75-cc6a-4ac5-9d94-75d7c10f2e62"] * 0.35
                      ),
                      #"SYSTEM_SYSRULES_forEach"(
                        items: local!Level4Data,
                        expression: a!save(
                          local!Level4Data[fv!index][#"urn:appian:record-field:v1:6c3fef7d-77e0-454a-a6e6-3fbd78751e4e/2a957af8-bc94-4395-afea-67d717bea140"],
                          local!Level4Data[fv!index][#"urn:appian:record-field:v1:6c3fef7d-77e0-454a-a6e6-3fbd78751e4e/91389541-30c2-45d3-84c9-19dfc76881e9"] + local!Level4Data[fv!index][#"urn:appian:record-field:v1:6c3fef7d-77e0-454a-a6e6-3fbd78751e4e/d9099139-1e33-4ead-8581-37e4391ac1aa"]
                        )
                      )
                    },
                    readOnly: local!IsEditBudget &lt;&gt; true(),
                    validations: if(
                      and(
                        fv!item[#"urn:appian:record-field:v1:6c3fef7d-77e0-454a-a6e6-3fbd78751e4e/8252de75-cc6a-4ac5-9d94-75d7c10f2e62"] &gt;= 0,
                        fv!item[#"urn:appian:record-field:v1:6c3fef7d-77e0-454a-a6e6-3fbd78751e4e/8252de75-cc6a-4ac5-9d94-75d7c10f2e62"] &lt;= 100
                      ),
                      "",
                      #"_a-0000ea32-66e7-8000-9be7-011c48011c48_578271"[30]
                    ),
                    align: "RIGHT"
                  ),
                  #"SYSTEM_SYSRULES_textField"(
                    value: mround(fv!item[#"urn:appian:record-field:v1:6c3fef7d-77e0-454a-a6e6-3fbd78751e4e/2a957af8-bc94-4395-afea-67d717bea140"],0.01),
                    saveInto: fv!item[#"urn:appian:record-field:v1:6c3fef7d-77e0-454a-a6e6-3fbd78751e4e/2a957af8-bc94-4395-afea-67d717bea140"],
                    readOnly: true(),
                    align: "RIGHT"
                  ),
                  #"SYSTEM_SYSRULES_richTextDisplayField"(
                    value: #"SYSTEM_SYSRULES_richTextIcon"(icon: "times", color: "NEGATIVE")
                  )
                },
                selectionDisabled: or(
                  isnull(
                  fv!item[#"urn:appian:record-field:v1:6c3fef7d-77e0-454a-a6e6-3fbd78751e4e/a0ee4ee6-6177-4347-baa8-cbb09fedb777"]
                )
                ,
                fv!item[#"urn:appian:record-field:v1:6c3fef7d-77e0-454a-a6e6-3fbd78751e4e/9487c88e-4916-4c8b-8d8c-c104fb818c37"]="Management"
              )
              ),
              #"SYSTEM_SYSRULES_gridRowLayout"(
                contents: {
                  #"SYSTEM_SYSRULES_textField"(readOnly: true()),
                  #"SYSTEM_SYSRULES_textField"(readOnly: true()),
                  #"SYSTEM_SYSRULES_textField"(readOnly: true()),
                  #"SYSTEM_SYSRULES_textField"(readOnly: true()),
                  #"SYSTEM_SYSRULES_richTextDisplayField"(
                    value: #"SYSTEM_SYSRULES_richTextItem_v1"(
                      text: sum(
                        {
                          0,
                          index(
                            local!Level4Data,
                            #"urn:appian:record-field:v1:6c3fef7d-77e0-454a-a6e6-3fbd78751e4e/4a87dcd6-40a3-425e-b49a-9c2a21194049",
                            {}
                          )
                        }
                      ),
                      style: "STRONG"
                    ),
                    align: "RIGHT"
                  ),
                  #"SYSTEM_SYSRULES_richTextDisplayField"(
                    value: #"SYSTEM_SYSRULES_richTextItem_v1"(
                      text: mround(sum(
                        {
                          0,
                          index(
                            local!Level4Data,
                            #"urn:appian:record-field:v1:6c3fef7d-77e0-454a-a6e6-3fbd78751e4e/91389541-30c2-45d3-84c9-19dfc76881e9",
                            {}
                          )
                        }
                      ), 0.01),
                      style: "STRONG"
                    ),
                    align: "RIGHT"
                  ),
                  #"SYSTEM_SYSRULES_richTextDisplayField"(
                    value: #"SYSTEM_SYSRULES_richTextItem_v1"(
                      text: sum(
                        {
                          0,
                          index(
                            local!Level4Data,
                            #"urn:appian:record-field:v1:6c3fef7d-77e0-454a-a6e6-3fbd78751e4e/d9099139-1e33-4ead-8581-37e4391ac1aa",
                            {}
                          )
                        }
                      ),
                      style: "STRONG"
                    ),
                    align: "RIGHT"
                  ),
                  #"SYSTEM_SYSRULES_richTextDisplayField"(
                    value: #"SYSTEM_SYSRULES_richTextItem_v1"(
                      text: sum(
                        {
                          0,
                          index(
                            local!Level4Data,
                            #"urn:appian:record-field:v1:6c3fef7d-77e0-454a-a6e6-3fbd78751e4e/8252de75-cc6a-4ac5-9d94-75d7c10f2e62",
                            {}
                          )
                        }
                      ),
                      color: if(
                        sum(
                          {
                            0,
                            index(
                              local!Level4Data,
                              #"urn:appian:record-field:v1:6c3fef7d-77e0-454a-a6e6-3fbd78751e4e/8252de75-cc6a-4ac5-9d94-75d7c10f2e62",
                              {}
                            )
                          }
                        ) = todecimal(100),
                        "",
                        "NEGATIVE"
                      ),
                      style: "STRONG"
                    ),
                    align: "RIGHT"
                  ),
                  #"SYSTEM_SYSRULES_richTextDisplayField"(
                    value: #"SYSTEM_SYSRULES_richTextItem_v1"(
                      text: mround(sum(
                        {
                          0,
                          index(
                            local!Level4Data,
                            #"urn:appian:record-field:v1:6c3fef7d-77e0-454a-a6e6-3fbd78751e4e/2a957af8-bc94-4395-afea-67d717bea140",
                            {}
                          )
                        }
                      ), 0.01),
                      color: if(
                        mround(sum(
                          {
                            0,
                            index(
                              local!Level4Data,
                              #"urn:appian:record-field:v1:6c3fef7d-77e0-454a-a6e6-3fbd78751e4e/2a957af8-bc94-4395-afea-67d717bea140",
                              {}
                            )
                          }
                        ), 0.01) = todecimal(100),
                        "",
                        "NEGATIVE"
                      ),
                      style: "STRONG"
                    ),
                    align: "RIGHT"
                  ),
                  #"SYSTEM_SYSRULES_richTextDisplayField"()                
                },
                showWhen: fv!isLast,
                selectionDisabled: true()
              )
            }
          ),
          selectionValue: tointeger(
            index(
              local!SelectedData,
              #"urn:appian:record-field:v1:6c3fef7d-77e0-454a-a6e6-3fbd78751e4e/a0ee4ee6-6177-4347-baa8-cbb09fedb777",
              {}
            )
          ),
          selectionSaveInto: {
            a!save(
              local!SelectedData,
              if(
                isnull(save!value),
                null,
                index(
                  local!Level4Data,
                  wherecontains(
                    tointeger(index(save!value, count(save!value), {})),
                    tointeger(
                      index(
                        local!Level4Data,
                        #"urn:appian:record-field:v1:6c3fef7d-77e0-454a-a6e6-3fbd78751e4e/a0ee4ee6-6177-4347-baa8-cbb09fedb777",
                        {}
                      )
                    )
                  ),
                  null
                )
              )
            )
          },
          selectable: local!IsEditBudget &lt;&gt; true(),
          selectionStyle: "ROW_HIGHLIGHT",
          addRowLink: #"SYSTEM_SYSRULES_dynamicLink"(
            label: #"_a-0000ea32-66e7-8000-9be7-011c48011c48_578271"[31],
            saveInto: {
              a!save(local!SelectedData, null),
              a!save(
                local!Level4Data,
                append(
                  local!Level4Data,
                  #"urn:appian:record-type:v1:6c3fef7d-77e0-454a-a6e6-3fbd78751e4e"(
                    #"urn:appian:record-field:v1:6c3fef7d-77e0-454a-a6e6-3fbd78751e4e/dc995d66-0ab5-424a-adb6-e89481dfc1ed": ri!SelectedLevel3Data[#"urn:appian:record-field:v1:6c3fef7d-77e0-454a-a6e6-3fbd78751e4e/a0ee4ee6-6177-4347-baa8-cbb09fedb777"],
                    #"urn:appian:record-field:v1:6c3fef7d-77e0-454a-a6e6-3fbd78751e4e/8e1e27e5-af5d-4579-85a4-15eeb3be449c": ri!SelectedLevel3Data[#"urn:appian:record-field:v1:6c3fef7d-77e0-454a-a6e6-3fbd78751e4e/8e1e27e5-af5d-4579-85a4-15eeb3be449c"] + 1,
                    #"urn:appian:record-field:v1:6c3fef7d-77e0-454a-a6e6-3fbd78751e4e/ddd5309f-1863-4af7-8066-a36a5a6a98d7": concat(
                      ri!SelectedLevel3Data[#"urn:appian:record-field:v1:6c3fef7d-77e0-454a-a6e6-3fbd78751e4e/ddd5309f-1863-4af7-8066-a36a5a6a98d7"],
                      ".",
                      count(local!Level4Data) + 1
                    ),
                    #"urn:appian:record-field:v1:6c3fef7d-77e0-454a-a6e6-3fbd78751e4e/b2fbdf5a-e166-4e82-85dc-8117fea6e396": #"_a-0000ea32-66e7-8000-9be7-011c48011c48_578271"[33],
                    #"urn:appian:record-field:v1:6c3fef7d-77e0-454a-a6e6-3fbd78751e4e/6df83b4b-ae56-46ed-b36c-eecfdd6e85f8": null,
                    #"urn:appian:record-field:v1:6c3fef7d-77e0-454a-a6e6-3fbd78751e4e/4a87dcd6-40a3-425e-b49a-9c2a21194049": 0,
                    #"urn:appian:record-field:v1:6c3fef7d-77e0-454a-a6e6-3fbd78751e4e/91389541-30c2-45d3-84c9-19dfc76881e9": 0,
                    #"urn:appian:record-field:v1:6c3fef7d-77e0-454a-a6e6-3fbd78751e4e/d9099139-1e33-4ead-8581-37e4391ac1aa": 0,
                    #"urn:appian:record-field:v1:6c3fef7d-77e0-454a-a6e6-3fbd78751e4e/8252de75-cc6a-4ac5-9d94-75d7c10f2e62": 0,
                    #"urn:appian:record-field:v1:6c3fef7d-77e0-454a-a6e6-3fbd78751e4e/2a957af8-bc94-4395-afea-67d717bea140": 0,
                    #"urn:appian:record-field:v1:6c3fef7d-77e0-454a-a6e6-3fbd78751e4e/4681c82c-1a6e-4742-ab13-695b6ebcffa3": 0,
                    #"urn:appian:record-field:v1:6c3fef7d-77e0-454a-a6e6-3fbd78751e4e/60c0897c-f261-4c73-a268-6a68f661b4d4": 0,
                    #"urn:appian:record-field:v1:6c3fef7d-77e0-454a-a6e6-3fbd78751e4e/61ada6e6-c281-4086-87c5-b625b5c97cef": 0,
                    #"urn:appian:record-field:v1:6c3fef7d-77e0-454a-a6e6-3fbd78751e4e/f7d181d1-4907-4fa4-9877-80d9da248c26": 0,
                    #"urn:appian:record-field:v1:6c3fef7d-77e0-454a-a6e6-3fbd78751e4e/e1c39549-c522-4e24-b80a-f5ed984299f8": 0,
                    #"urn:appian:record-field:v1:6c3fef7d-77e0-454a-a6e6-3fbd78751e4e/18e459d9-44df-42d3-b4e9-b8778f23b7e1": 0,
                    #"urn:appian:record-field:v1:6c3fef7d-77e0-454a-a6e6-3fbd78751e4e/f6ff84f9-ede8-4540-986c-9ce22d0c1c75": 0,
                    #"urn:appian:record-field:v1:6c3fef7d-77e0-454a-a6e6-3fbd78751e4e/f1f5a5b5-e663-4279-a595-ac48b992f7da": 0,
                    #"urn:appian:record-field:v1:6c3fef7d-77e0-454a-a6e6-3fbd78751e4e/07c7b8ea-cca8-4cb0-8ba7-a086a183cec4": 0,
                    #"urn:appian:record-field:v1:6c3fef7d-77e0-454a-a6e6-3fbd78751e4e/f77f08c9-8bbd-42ca-8f78-f8cff914f85f": 0,
                    #"urn:appian:record-field:v1:6c3fef7d-77e0-454a-a6e6-3fbd78751e4e/fe3c5058-8125-4eea-a9ca-d0669ab7ba67": 0,
                    #"urn:appian:record-field:v1:6c3fef7d-77e0-454a-a6e6-3fbd78751e4e/f0312f2f-b384-4692-83b8-063ea679a710": 0,
                    #"urn:appian:record-field:v1:6c3fef7d-77e0-454a-a6e6-3fbd78751e4e/0bb924fc-1dd9-44f1-bb22-cca156e92a8b": 0,
                    #"urn:appian:record-field:v1:6c3fef7d-77e0-454a-a6e6-3fbd78751e4e/6205578e-9342-4561-a89b-26964dc60def": 0,
                    #"urn:appian:record-field:v1:6c3fef7d-77e0-454a-a6e6-3fbd78751e4e/e76f3c9d-6e35-4787-99c3-5be5bd9d825b": 0,
                    #"urn:appian:record-field:v1:6c3fef7d-77e0-454a-a6e6-3fbd78751e4e/0a703153-17c5-4d14-819a-267342b223a7": 0,
                    #"urn:appian:record-field:v1:6c3fef7d-77e0-454a-a6e6-3fbd78751e4e/755111eb-ba32-4008-a314-4d11749386d0": 0,
                    #"urn:appian:record-field:v1:6c3fef7d-77e0-454a-a6e6-3fbd78751e4e/94c6bec5-7934-4655-bb0f-43eff1eb45c3": 0,
                    #"urn:appian:record-field:v1:6c3fef7d-77e0-454a-a6e6-3fbd78751e4e/2e85dbd9-8ec2-4b01-9dc0-f09e44deb25f": 0,
                    #"urn:appian:record-field:v1:6c3fef7d-77e0-454a-a6e6-3fbd78751e4e/365e9439-d8e0-4690-ac18-f4bde1ec1b7b": 0,
                    #"urn:appian:record-field:v1:6c3fef7d-77e0-454a-a6e6-3fbd78751e4e/3c34fcc1-f8ac-40b0-a40c-d6b72275bcfd": 0,
                    #"urn:appian:record-field:v1:6c3fef7d-77e0-454a-a6e6-3fbd78751e4e/d375ffdd-9b66-430b-8fee-fab7c87679bb": 0,
                    #"urn:appian:record-field:v1:6c3fef7d-77e0-454a-a6e6-3fbd78751e4e/ed7e89db-797f-4fcb-a608-fe331da67206": 0,
                    #"urn:appian:record-field:v1:6c3fef7d-77e0-454a-a6e6-3fbd78751e4e/f5d27980-ae87-41fd-a45c-1e1f81ef0fd1": 0,
                    #"urn:appian:record-field:v1:6c3fef7d-77e0-454a-a6e6-3fbd78751e4e/7e1037ca-d05a-4279-8792-a8a6e873454a": 0,
                    #"urn:appian:record-field:v1:6c3fef7d-77e0-454a-a6e6-3fbd78751e4e/dab6aaef-3e9b-4a65-b601-fe1083416dfc": loggedInUser(),
                    #"urn:appian:record-field:v1:6c3fef7d-77e0-454a-a6e6-3fbd78751e4e/497dd019-f9b0-44c7-b738-8722ed114f9d": now(),
                    #"urn:appian:record-field:v1:6c3fef7d-77e0-454a-a6e6-3fbd78751e4e/8ff7f45f-4b7e-4cb8-a3fb-90c7f495996c": loggedInUser(),
                    #"urn:appian:record-field:v1:6c3fef7d-77e0-454a-a6e6-3fbd78751e4e/4b996fd8-c25a-488d-8b5a-5812e42b6428": now()
                  )
                )
              )
            },
            showWhen: and(
              apply(
                a!isNotNullOrEmpty(_),
                index(
                  local!Level4Data,
                  #"urn:appian:record-field:v1:6c3fef7d-77e0-454a-a6e6-3fbd78751e4e/a0ee4ee6-6177-4347-baa8-cbb09fedb777",
                  null
                )
              ),
              local!IsEditBudget
            )
          ),
          shadeAlternateRows: true(),
          spacing: "DENSE",
          borderStyle: "LIGHT"
        ),
        #"SYSTEM_SYSRULES_cardLayout"(
          contents: #"SYSTEM_SYSRULES_gridLayout"(
            label: #"_a-0000ea32-66e7-8000-9be7-011c48011c48_578271"[32],
            headerCells: {
              #"SYSTEM_SYSRULES_gridLayoutHeaderCell"(label: #"_a-0000ea32-66e7-8000-9be7-011c48011c48_578271"[33]),
              #"SYSTEM_SYSRULES_gridLayoutHeaderCell"(label: #"_a-0000ea32-66e7-8000-9be7-011c48011c48_578271"[34], align: "RIGHT"),
              #"SYSTEM_SYSRULES_gridLayoutHeaderCell"(label: #"_a-0000ea32-66e7-8000-9be7-011c48011c48_578271"[35], align: "RIGHT"),
              #"SYSTEM_SYSRULES_gridLayoutHeaderCell"(label: #"_a-0000ea32-66e7-8000-9be7-011c48011c48_578271"[36], align: "RIGHT"),
              #"SYSTEM_SYSRULES_gridLayoutHeaderCell"(label: #"_a-0000ea32-66e7-8000-9be7-011c48011c48_578271"[37], align: "RIGHT"),
              #"SYSTEM_SYSRULES_gridLayoutHeaderCell"(label: #"_a-0000ea32-66e7-8000-9be7-011c48011c48_578271"[38], align: "RIGHT"),
              #"SYSTEM_SYSRULES_gridLayoutHeaderCell"(label: #"_a-0000ea32-66e7-8000-9be7-011c48011c48_578271"[39], align: "RIGHT"),
              #"SYSTEM_SYSRULES_gridLayoutHeaderCell"(label: #"_a-0000ea32-66e7-8000-9be7-011c48011c48_578271"[40], align: "RIGHT"),
              #"SYSTEM_SYSRULES_gridLayoutHeaderCell"(label: #"_a-0000ea32-66e7-8000-9be7-011c48011c48_578271"[41], align: "RIGHT"),
              #"SYSTEM_SYSRULES_gridLayoutHeaderCell"(label: #"_a-0000ea32-66e7-8000-9be7-011c48011c48_578271"[42], align: "RIGHT"),
              #"SYSTEM_SYSRULES_gridLayoutHeaderCell"(label: #"_a-0000ea32-66e7-8000-9be7-011c48011c48_578271"[43], align: "RIGHT"),
              #"SYSTEM_SYSRULES_gridLayoutHeaderCell"(label: #"_a-0000ea32-66e7-8000-9be7-011c48011c48_578271"[44], align: "RIGHT"),
              #"SYSTEM_SYSRULES_gridLayoutHeaderCell"(label: #"_a-0000ea32-66e7-8000-9be7-011c48011c48_578271"[45], align: "RIGHT"),
              #"SYSTEM_SYSRULES_gridLayoutHeaderCell"(label: #"_a-0000ea32-66e7-8000-9be7-011c48011c48_578271"[46], align: "RIGHT"),
              #"SYSTEM_SYSRULES_gridLayoutHeaderCell"(label: #"_a-0000ea32-66e7-8000-9be7-011c48011c48_578271"[47], align: "RIGHT"),
              #"SYSTEM_SYSRULES_gridLayoutHeaderCell"(label: #"_a-0000ea32-66e7-8000-9be7-011c48011c48_578271"[48], align: "RIGHT"),
              #"SYSTEM_SYSRULES_gridLayoutHeaderCell"(label: #"_a-0000ea32-66e7-8000-9be7-011c48011c48_578271"[49], align: "RIGHT"),
              #"SYSTEM_SYSRULES_gridLayoutHeaderCell"(label: #"_a-0000ea32-66e7-8000-9be7-011c48011c48_578271"[50], align: "RIGHT"),
              #"SYSTEM_SYSRULES_gridLayoutHeaderCell"(label: #"_a-0000ea32-66e7-8000-9be7-011c48011c48_578271"[51], align: "RIGHT"),
              #"SYSTEM_SYSRULES_gridLayoutHeaderCell"(label: #"_a-0000ea32-66e7-8000-9be7-011c48011c48_578271"[52], align: "RIGHT"),
              #"SYSTEM_SYSRULES_gridLayoutHeaderCell"(label: #"_a-0000ea32-66e7-8000-9be7-011c48011c48_578271"[53], align: "RIGHT"),
              #"SYSTEM_SYSRULES_gridLayoutHeaderCell"(label: #"_a-0000ea32-66e7-8000-9be7-011c48011c48_578271"[54], align: "RIGHT"),
              #"SYSTEM_SYSRULES_gridLayoutHeaderCell"(label: #"_a-0000ea32-66e7-8000-9be7-011c48011c48_578271"[55], align: "RIGHT"),
              #"SYSTEM_SYSRULES_gridLayoutHeaderCell"(label: #"_a-0000ea32-66e7-8000-9be7-011c48011c48_578271"[56], align: "RIGHT"),
              #"SYSTEM_SYSRULES_gridLayoutHeaderCell"(label: #"_a-0000ea32-66e7-8000-9be7-011c48011c48_578271"[57], align: "RIGHT"),
              #"SYSTEM_SYSRULES_gridLayoutHeaderCell"(label: #"_a-0000ea32-66e7-8000-9be7-011c48011c48_578271"[58], align: "RIGHT"),
              #"SYSTEM_SYSRULES_gridLayoutHeaderCell"(label: #"_a-0000ea32-66e7-8000-9be7-011c48011c48_578271"[46], align: "RIGHT")
            },
            columnConfigs: {
              #"SYSTEM_SYSRULES_gridLayoutColumnConfig"(weight: "2")
            },
            rows: #"SYSTEM_SYSRULES_forEach"(
              items: local!Level4Data,
              expression: {
                #"SYSTEM_SYSRULES_gridRowLayout"(
                  id: fv!item[#"urn:appian:record-field:v1:6c3fef7d-77e0-454a-a6e6-3fbd78751e4e/a0ee4ee6-6177-4347-baa8-cbb09fedb777"],
                  contents: {
                    #"SYSTEM_SYSRULES_textField"(
                      value: fv!item[#"urn:appian:record-field:v1:6c3fef7d-77e0-454a-a6e6-3fbd78751e4e/6df83b4b-ae56-46ed-b36c-eecfdd6e85f8"],
                      readOnly: true()
                    ),
                    #"SYSTEM_SYSRULES_floatingPointField"(
                      value: fv!item[#"urn:appian:record-field:v1:6c3fef7d-77e0-454a-a6e6-3fbd78751e4e/4681c82c-1a6e-4742-ab13-695b6ebcffa3"],
                      saveInto: fv!item[#"urn:appian:record-field:v1:6c3fef7d-77e0-454a-a6e6-3fbd78751e4e/4681c82c-1a6e-4742-ab13-695b6ebcffa3"],
                      required: true(),
                      readOnly: or(
                        local!IsEditBudget &lt;&gt; true(),
                        fv!item[#"urn:appian:record-field:v1:6c3fef7d-77e0-454a-a6e6-3fbd78751e4e/9487c88e-4916-4c8b-8d8c-c104fb818c37"]="With Budget"
                        ),
                      validations: if(
                        and(
                          fv!item[#"urn:appian:record-field:v1:6c3fef7d-77e0-454a-a6e6-3fbd78751e4e/4681c82c-1a6e-4742-ab13-695b6ebcffa3"] &gt;= 0,
                          fv!item[#"urn:appian:record-field:v1:6c3fef7d-77e0-454a-a6e6-3fbd78751e4e/4681c82c-1a6e-4742-ab13-695b6ebcffa3"] &lt;= 9999999999
                        ),
                        "",
                        #"_a-0000ea32-66e7-8000-9be7-011c48011c48_578271"[30]
                      ), 
                      align: "RIGHT"
                    ),
                    #"SYSTEM_SYSRULES_floatingPointField"(
                      value: fv!item[#"urn:appian:record-field:v1:6c3fef7d-77e0-454a-a6e6-3fbd78751e4e/60c0897c-f261-4c73-a268-6a68f661b4d4"],
                      saveInto: fv!item[#"urn:appian:record-field:v1:6c3fef7d-77e0-454a-a6e6-3fbd78751e4e/60c0897c-f261-4c73-a268-6a68f661b4d4"],
                      required: true(),
                      readOnly: or(
                        local!IsEditBudget &lt;&gt; true(),
                        fv!item[#"urn:appian:record-field:v1:6c3fef7d-77e0-454a-a6e6-3fbd78751e4e/9487c88e-4916-4c8b-8d8c-c104fb818c37"]="With Budget"
                      ),
                      validations: if(
                        and(
                          fv!item[#"urn:appian:record-field:v1:6c3fef7d-77e0-454a-a6e6-3fbd78751e4e/60c0897c-f261-4c73-a268-6a68f661b4d4"] &gt;= 0,
                          fv!item[#"urn:appian:record-field:v1:6c3fef7d-77e0-454a-a6e6-3fbd78751e4e/60c0897c-f261-4c73-a268-6a68f661b4d4"] &lt;= 9999999999
                        ),
                        "",
                        #"_a-0000ea32-66e7-8000-9be7-011c48011c48_578271"[30]
                      ), 
                      align: "RIGHT"
                    ),
                    #"SYSTEM_SYSRULES_floatingPointField"(
                      value: fv!item[#"urn:appian:record-field:v1:6c3fef7d-77e0-454a-a6e6-3fbd78751e4e/61ada6e6-c281-4086-87c5-b625b5c97cef"],
                      saveInto: fv!item[#"urn:appian:record-field:v1:6c3fef7d-77e0-454a-a6e6-3fbd78751e4e/61ada6e6-c281-4086-87c5-b625b5c97cef"],
                      required: true(),
                      readOnly: or(
                        local!IsEditBudget &lt;&gt; true(),
                        fv!item[#"urn:appian:record-field:v1:6c3fef7d-77e0-454a-a6e6-3fbd78751e4e/9487c88e-4916-4c8b-8d8c-c104fb818c37"]="With Budget"
                      ),
                      validations: if(
                        and(
                          fv!item[#"urn:appian:record-field:v1:6c3fef7d-77e0-454a-a6e6-3fbd78751e4e/61ada6e6-c281-4086-87c5-b625b5c97cef"] &gt;= 0,
                          fv!item[#"urn:appian:record-field:v1:6c3fef7d-77e0-454a-a6e6-3fbd78751e4e/61ada6e6-c281-4086-87c5-b625b5c97cef"] &lt;= 9999999999
                        ),
                        "",
                        #"_a-0000ea32-66e7-8000-9be7-011c48011c48_578271"[30]
                      ), 
                      align: "RIGHT"
                    ),
                    #"SYSTEM_SYSRULES_floatingPointField"(
                      value: fv!item[#"urn:appian:record-field:v1:6c3fef7d-77e0-454a-a6e6-3fbd78751e4e/f7d181d1-4907-4fa4-9877-80d9da248c26"],
                      saveInto: fv!item[#"urn:appian:record-field:v1:6c3fef7d-77e0-454a-a6e6-3fbd78751e4e/f7d181d1-4907-4fa4-9877-80d9da248c26"],
                      required: true(),
                      readOnly: or(
                        local!IsEditBudget &lt;&gt; true(),
                        fv!item[#"urn:appian:record-field:v1:6c3fef7d-77e0-454a-a6e6-3fbd78751e4e/9487c88e-4916-4c8b-8d8c-c104fb818c37"]="With Budget"
                      ),
                      validations: if(
                        and(
                          fv!item[#"urn:appian:record-field:v1:6c3fef7d-77e0-454a-a6e6-3fbd78751e4e/f7d181d1-4907-4fa4-9877-80d9da248c26"] &gt;= 0,
                          fv!item[#"urn:appian:record-field:v1:6c3fef7d-77e0-454a-a6e6-3fbd78751e4e/f7d181d1-4907-4fa4-9877-80d9da248c26"] &lt;= 9999999999
                        ),
                        "",
                        #"_a-0000ea32-66e7-8000-9be7-011c48011c48_578271"[30]
                      ), 
                      align: "RIGHT"
                    ),
                    #"SYSTEM_SYSRULES_floatingPointField"(
                      value: fv!item[#"urn:appian:record-field:v1:6c3fef7d-77e0-454a-a6e6-3fbd78751e4e/e1c39549-c522-4e24-b80a-f5ed984299f8"],
                      saveInto: fv!item[#"urn:appian:record-field:v1:6c3fef7d-77e0-454a-a6e6-3fbd78751e4e/e1c39549-c522-4e24-b80a-f5ed984299f8"],
                      required: true(),
                      readOnly: or(
                        local!IsEditBudget &lt;&gt; true(),
                        fv!item[#"urn:appian:record-field:v1:6c3fef7d-77e0-454a-a6e6-3fbd78751e4e/9487c88e-4916-4c8b-8d8c-c104fb818c37"]="With Budget"
                      ),
                      validations: if(
                        and(
                          fv!item[#"urn:appian:record-field:v1:6c3fef7d-77e0-454a-a6e6-3fbd78751e4e/e1c39549-c522-4e24-b80a-f5ed984299f8"] &gt;= 0,
                          fv!item[#"urn:appian:record-field:v1:6c3fef7d-77e0-454a-a6e6-3fbd78751e4e/e1c39549-c522-4e24-b80a-f5ed984299f8"] &lt;= 9999999999
                        ),
                        "",
                        #"_a-0000ea32-66e7-8000-9be7-011c48011c48_578271"[30]
                      ), 
                      align: "RIGHT"
                    ),
                    #"SYSTEM_SYSRULES_floatingPointField"(
                      value: fv!item[#"urn:appian:record-field:v1:6c3fef7d-77e0-454a-a6e6-3fbd78751e4e/18e459d9-44df-42d3-b4e9-b8778f23b7e1"],
                      saveInto: fv!item[#"urn:appian:record-field:v1:6c3fef7d-77e0-454a-a6e6-3fbd78751e4e/18e459d9-44df-42d3-b4e9-b8778f23b7e1"],
                      required: true(),
                      readOnly: or(
                        local!IsEditBudget &lt;&gt; true(),
                        fv!item[#"urn:appian:record-field:v1:6c3fef7d-77e0-454a-a6e6-3fbd78751e4e/9487c88e-4916-4c8b-8d8c-c104fb818c37"]="With Budget"
                      ),
                      validations: if(
                        and(
                          fv!item[#"urn:appian:record-field:v1:6c3fef7d-77e0-454a-a6e6-3fbd78751e4e/18e459d9-44df-42d3-b4e9-b8778f23b7e1"] &gt;= 0,
                          fv!item[#"urn:appian:record-field:v1:6c3fef7d-77e0-454a-a6e6-3fbd78751e4e/18e459d9-44df-42d3-b4e9-b8778f23b7e1"] &lt;= 9999999999
                        ),
                        "",
                        #"_a-0000ea32-66e7-8000-9be7-011c48011c48_578271"[30]
                      ), 
                      align: "RIGHT"
                    ),
                    #"SYSTEM_SYSRULES_floatingPointField"(
                      value: fv!item[#"urn:appian:record-field:v1:6c3fef7d-77e0-454a-a6e6-3fbd78751e4e/f6ff84f9-ede8-4540-986c-9ce22d0c1c75"],
                      saveInto: fv!item[#"urn:appian:record-field:v1:6c3fef7d-77e0-454a-a6e6-3fbd78751e4e/f6ff84f9-ede8-4540-986c-9ce22d0c1c75"],
                      required: true(),
                      readOnly: or(
                        local!IsEditBudget &lt;&gt; true(),
                        fv!item[#"urn:appian:record-field:v1:6c3fef7d-77e0-454a-a6e6-3fbd78751e4e/9487c88e-4916-4c8b-8d8c-c104fb818c37"]="With Budget"
                      ),
                      validations: if(
                        and(
                          fv!item[#"urn:appian:record-field:v1:6c3fef7d-77e0-454a-a6e6-3fbd78751e4e/f6ff84f9-ede8-4540-986c-9ce22d0c1c75"] &gt;= 0,
                          fv!item[#"urn:appian:record-field:v1:6c3fef7d-77e0-454a-a6e6-3fbd78751e4e/f6ff84f9-ede8-4540-986c-9ce22d0c1c75"] &lt;= 9999999999
                        ),
                        "",
                        #"_a-0000ea32-66e7-8000-9be7-011c48011c48_578271"[30]
                      ), 
                      align: "RIGHT"
                    ),
                    #"SYSTEM_SYSRULES_floatingPointField"(
                      value: fv!item[#"urn:appian:record-field:v1:6c3fef7d-77e0-454a-a6e6-3fbd78751e4e/f1f5a5b5-e663-4279-a595-ac48b992f7da"],
                      saveInto: fv!item[#"urn:appian:record-field:v1:6c3fef7d-77e0-454a-a6e6-3fbd78751e4e/f1f5a5b5-e663-4279-a595-ac48b992f7da"],
                      required: true(),
                      readOnly: or(
                        local!IsEditBudget &lt;&gt; true(),
                        fv!item[#"urn:appian:record-field:v1:6c3fef7d-77e0-454a-a6e6-3fbd78751e4e/9487c88e-4916-4c8b-8d8c-c104fb818c37"]="With Budget"
                      ),
                      validations: if(
                        and(
                          fv!item[#"urn:appian:record-field:v1:6c3fef7d-77e0-454a-a6e6-3fbd78751e4e/f1f5a5b5-e663-4279-a595-ac48b992f7da"] &gt;= 0,
                          fv!item[#"urn:appian:record-field:v1:6c3fef7d-77e0-454a-a6e6-3fbd78751e4e/f1f5a5b5-e663-4279-a595-ac48b992f7da"] &lt;= 9999999999
                        ),
                        "",
                        #"_a-0000ea32-66e7-8000-9be7-011c48011c48_578271"[30]
                      ), 
                      align: "RIGHT"
                    ),
                    #"SYSTEM_SYSRULES_floatingPointField"(
                      value: fv!item[#"urn:appian:record-field:v1:6c3fef7d-77e0-454a-a6e6-3fbd78751e4e/07c7b8ea-cca8-4cb0-8ba7-a086a183cec4"],
                      saveInto: fv!item[#"urn:appian:record-field:v1:6c3fef7d-77e0-454a-a6e6-3fbd78751e4e/07c7b8ea-cca8-4cb0-8ba7-a086a183cec4"],
                      required: true(),
                      readOnly: or(
                        local!IsEditBudget &lt;&gt; true(),
                        fv!item[#"urn:appian:record-field:v1:6c3fef7d-77e0-454a-a6e6-3fbd78751e4e/9487c88e-4916-4c8b-8d8c-c104fb818c37"]="With Budget"
                      ),
                      validations: if(
                        and(
                          fv!item[#"urn:appian:record-field:v1:6c3fef7d-77e0-454a-a6e6-3fbd78751e4e/07c7b8ea-cca8-4cb0-8ba7-a086a183cec4"] &gt;= 0,
                          fv!item[#"urn:appian:record-field:v1:6c3fef7d-77e0-454a-a6e6-3fbd78751e4e/07c7b8ea-cca8-4cb0-8ba7-a086a183cec4"] &lt;= 9999999999
                        ),
                        "",
                        #"_a-0000ea32-66e7-8000-9be7-011c48011c48_578271"[30]
                      ), 
                      align: "RIGHT"
                    ),
                    #"SYSTEM_SYSRULES_floatingPointField"(
                      value: fv!item[#"urn:appian:record-field:v1:6c3fef7d-77e0-454a-a6e6-3fbd78751e4e/f77f08c9-8bbd-42ca-8f78-f8cff914f85f"],
                      saveInto: fv!item[#"urn:appian:record-field:v1:6c3fef7d-77e0-454a-a6e6-3fbd78751e4e/f77f08c9-8bbd-42ca-8f78-f8cff914f85f"],
                      required: true(),
                      readOnly: or(
                        local!IsEditBudget &lt;&gt; true(),
                        fv!item[#"urn:appian:record-field:v1:6c3fef7d-77e0-454a-a6e6-3fbd78751e4e/9487c88e-4916-4c8b-8d8c-c104fb818c37"]="With Budget"
                      ),
                      validations: if(
                        and(
                          fv!item[#"urn:appian:record-field:v1:6c3fef7d-77e0-454a-a6e6-3fbd78751e4e/f77f08c9-8bbd-42ca-8f78-f8cff914f85f"] &gt;= 0,
                          fv!item[#"urn:appian:record-field:v1:6c3fef7d-77e0-454a-a6e6-3fbd78751e4e/f77f08c9-8bbd-42ca-8f78-f8cff914f85f"] &lt;= 9999999999
                        ),
                        "",
                        #"_a-0000ea32-66e7-8000-9be7-011c48011c48_578271"[30]
                      ), 
                      align: "RIGHT"
                    ),
                    #"SYSTEM_SYSRULES_floatingPointField"(
                      value: fv!item[#"urn:appian:record-field:v1:6c3fef7d-77e0-454a-a6e6-3fbd78751e4e/fe3c5058-8125-4eea-a9ca-d0669ab7ba67"],
                      saveInto: fv!item[#"urn:appian:record-field:v1:6c3fef7d-77e0-454a-a6e6-3fbd78751e4e/fe3c5058-8125-4eea-a9ca-d0669ab7ba67"],
                      required: true(),
                      readOnly: or(
                        local!IsEditBudget &lt;&gt; true(),
                        fv!item[#"urn:appian:record-field:v1:6c3fef7d-77e0-454a-a6e6-3fbd78751e4e/9487c88e-4916-4c8b-8d8c-c104fb818c37"]="With Budget"
                      ),
                      validations: if(
                        and(
                          fv!item[#"urn:appian:record-field:v1:6c3fef7d-77e0-454a-a6e6-3fbd78751e4e/fe3c5058-8125-4eea-a9ca-d0669ab7ba67"] &gt;= 0,
                          fv!item[#"urn:appian:record-field:v1:6c3fef7d-77e0-454a-a6e6-3fbd78751e4e/fe3c5058-8125-4eea-a9ca-d0669ab7ba67"] &lt;= 9999999999
                        ),
                        "",
                        #"_a-0000ea32-66e7-8000-9be7-011c48011c48_578271"[30]
                      ), 
                      align: "RIGHT"
                    ),
                    #"SYSTEM_SYSRULES_floatingPointField"(
                      value: fv!item[#"urn:appian:record-field:v1:6c3fef7d-77e0-454a-a6e6-3fbd78751e4e/f0312f2f-b384-4692-83b8-063ea679a710"],
                      saveInto: fv!item[#"urn:appian:record-field:v1:6c3fef7d-77e0-454a-a6e6-3fbd78751e4e/f0312f2f-b384-4692-83b8-063ea679a710"],
                      required: true(),
                      readOnly: or(
                        local!IsEditBudget &lt;&gt; true(),
                        fv!item[#"urn:appian:record-field:v1:6c3fef7d-77e0-454a-a6e6-3fbd78751e4e/9487c88e-4916-4c8b-8d8c-c104fb818c37"]="With Budget"
                      ),
                      validations: if(
                        and(
                          fv!item[#"urn:appian:record-field:v1:6c3fef7d-77e0-454a-a6e6-3fbd78751e4e/f0312f2f-b384-4692-83b8-063ea679a710"] &gt;= 0,
                          fv!item[#"urn:appian:record-field:v1:6c3fef7d-77e0-454a-a6e6-3fbd78751e4e/f0312f2f-b384-4692-83b8-063ea679a710"] &lt;= 9999999999
                        ),
                        "",
                        #"_a-0000ea32-66e7-8000-9be7-011c48011c48_578271"[30]
                      ), 
                      align: "RIGHT"
                    ),
                    #"SYSTEM_SYSRULES_richTextDisplayField"(
                      value: a!localVariables(
                        local!Sum:sum(
                          {
                            0,
                            fv!item[#"urn:appian:record-field:v1:6c3fef7d-77e0-454a-a6e6-3fbd78751e4e/4681c82c-1a6e-4742-ab13-695b6ebcffa3"],
                            fv!item[#"urn:appian:record-field:v1:6c3fef7d-77e0-454a-a6e6-3fbd78751e4e/60c0897c-f261-4c73-a268-6a68f661b4d4"],
                            fv!item[#"urn:appian:record-field:v1:6c3fef7d-77e0-454a-a6e6-3fbd78751e4e/61ada6e6-c281-4086-87c5-b625b5c97cef"],
                            fv!item[#"urn:appian:record-field:v1:6c3fef7d-77e0-454a-a6e6-3fbd78751e4e/f7d181d1-4907-4fa4-9877-80d9da248c26"],
                            fv!item[#"urn:appian:record-field:v1:6c3fef7d-77e0-454a-a6e6-3fbd78751e4e/e1c39549-c522-4e24-b80a-f5ed984299f8"],
                            fv!item[#"urn:appian:record-field:v1:6c3fef7d-77e0-454a-a6e6-3fbd78751e4e/18e459d9-44df-42d3-b4e9-b8778f23b7e1"],
                            fv!item[#"urn:appian:record-field:v1:6c3fef7d-77e0-454a-a6e6-3fbd78751e4e/f6ff84f9-ede8-4540-986c-9ce22d0c1c75"],
                            fv!item[#"urn:appian:record-field:v1:6c3fef7d-77e0-454a-a6e6-3fbd78751e4e/f1f5a5b5-e663-4279-a595-ac48b992f7da"],
                            fv!item[#"urn:appian:record-field:v1:6c3fef7d-77e0-454a-a6e6-3fbd78751e4e/07c7b8ea-cca8-4cb0-8ba7-a086a183cec4"],
                            fv!item[#"urn:appian:record-field:v1:6c3fef7d-77e0-454a-a6e6-3fbd78751e4e/f77f08c9-8bbd-42ca-8f78-f8cff914f85f"],
                            fv!item[#"urn:appian:record-field:v1:6c3fef7d-77e0-454a-a6e6-3fbd78751e4e/fe3c5058-8125-4eea-a9ca-d0669ab7ba67"],
                            fv!item[#"urn:appian:record-field:v1:6c3fef7d-77e0-454a-a6e6-3fbd78751e4e/f0312f2f-b384-4692-83b8-063ea679a710"]

                          }
                        ),
                        #"SYSTEM_SYSRULES_richTextItem_v1"(
                          text: local!Sum,
                          color: if(
                            local!Sum&lt;&gt;100,
                            "NEGATIVE",
                            ""
                          ),
                        style: "STRONG"
                      )
                      ), 
                      align: "RIGHT"
                    ),
                    #"SYSTEM_SYSRULES_floatingPointField"(
                      value: fv!item[#"urn:appian:record-field:v1:6c3fef7d-77e0-454a-a6e6-3fbd78751e4e/0bb924fc-1dd9-44f1-bb22-cca156e92a8b"],
                      saveInto: fv!item[#"urn:appian:record-field:v1:6c3fef7d-77e0-454a-a6e6-3fbd78751e4e/0bb924fc-1dd9-44f1-bb22-cca156e92a8b"],
                      required: true(),
                      readOnly: or(
                        local!IsEditBudget &lt;&gt; true(),
                        fv!item[#"urn:appian:record-field:v1:6c3fef7d-77e0-454a-a6e6-3fbd78751e4e/9487c88e-4916-4c8b-8d8c-c104fb818c37"]="With Budget"
                      ),
                      validations: if(
                        and(
                          fv!item[#"urn:appian:record-field:v1:6c3fef7d-77e0-454a-a6e6-3fbd78751e4e/0bb924fc-1dd9-44f1-bb22-cca156e92a8b"] &gt;= 0,
                          fv!item[#"urn:appian:record-field:v1:6c3fef7d-77e0-454a-a6e6-3fbd78751e4e/0bb924fc-1dd9-44f1-bb22-cca156e92a8b"] &lt;= 9999999999
                        ),
                        "",
                        #"_a-0000ea32-66e7-8000-9be7-011c48011c48_578271"[30]
                      ), 
                      align: "RIGHT"
                    ),
                    #"SYSTEM_SYSRULES_floatingPointField"(
                      value: fv!item[#"urn:appian:record-field:v1:6c3fef7d-77e0-454a-a6e6-3fbd78751e4e/6205578e-9342-4561-a89b-26964dc60def"],
                      saveInto: fv!item[#"urn:appian:record-field:v1:6c3fef7d-77e0-454a-a6e6-3fbd78751e4e/6205578e-9342-4561-a89b-26964dc60def"],
                      required: true(),
                      readOnly: or(
                        local!IsEditBudget &lt;&gt; true(),
                        fv!item[#"urn:appian:record-field:v1:6c3fef7d-77e0-454a-a6e6-3fbd78751e4e/9487c88e-4916-4c8b-8d8c-c104fb818c37"]="With Budget"
                      ),
                      validations: if(
                        and(
                          fv!item[#"urn:appian:record-field:v1:6c3fef7d-77e0-454a-a6e6-3fbd78751e4e/6205578e-9342-4561-a89b-26964dc60def"] &gt;= 0,
                          fv!item[#"urn:appian:record-field:v1:6c3fef7d-77e0-454a-a6e6-3fbd78751e4e/6205578e-9342-4561-a89b-26964dc60def"] &lt;= 9999999999
                        ),
                        "",
                        #"_a-0000ea32-66e7-8000-9be7-011c48011c48_578271"[30]
                      ), 
                      align: "RIGHT"
                    ),
                    #"SYSTEM_SYSRULES_floatingPointField"(
                      value: fv!item[#"urn:appian:record-field:v1:6c3fef7d-77e0-454a-a6e6-3fbd78751e4e/e76f3c9d-6e35-4787-99c3-5be5bd9d825b"],
                      saveInto: fv!item[#"urn:appian:record-field:v1:6c3fef7d-77e0-454a-a6e6-3fbd78751e4e/e76f3c9d-6e35-4787-99c3-5be5bd9d825b"],
                      required: true(),
                      readOnly: or(
                        local!IsEditBudget &lt;&gt; true(),
                        fv!item[#"urn:appian:record-field:v1:6c3fef7d-77e0-454a-a6e6-3fbd78751e4e/9487c88e-4916-4c8b-8d8c-c104fb818c37"]="With Budget"
                      ),
                      validations: if(
                        and(
                          fv!item[#"urn:appian:record-field:v1:6c3fef7d-77e0-454a-a6e6-3fbd78751e4e/e76f3c9d-6e35-4787-99c3-5be5bd9d825b"] &gt;= 0,
                          fv!item[#"urn:appian:record-field:v1:6c3fef7d-77e0-454a-a6e6-3fbd78751e4e/e76f3c9d-6e35-4787-99c3-5be5bd9d825b"] &lt;= 9999999999
                        ),
                        "",
                        #"_a-0000ea32-66e7-8000-9be7-011c48011c48_578271"[30]
                      ), 
                      align: "RIGHT"
                    ),
                    #"SYSTEM_SYSRULES_floatingPointField"(
                      value: fv!item[#"urn:appian:record-field:v1:6c3fef7d-77e0-454a-a6e6-3fbd78751e4e/0a703153-17c5-4d14-819a-267342b223a7"],
                      saveInto: fv!item[#"urn:appian:record-field:v1:6c3fef7d-77e0-454a-a6e6-3fbd78751e4e/0a703153-17c5-4d14-819a-267342b223a7"],
                      required: true(),
                      readOnly: or(
                        local!IsEditBudget &lt;&gt; true(),
                        fv!item[#"urn:appian:record-field:v1:6c3fef7d-77e0-454a-a6e6-3fbd78751e4e/9487c88e-4916-4c8b-8d8c-c104fb818c37"]="With Budget"
                      ),
                      validations: if(
                        and(
                          fv!item[#"urn:appian:record-field:v1:6c3fef7d-77e0-454a-a6e6-3fbd78751e4e/0a703153-17c5-4d14-819a-267342b223a7"] &gt;= 0,
                          fv!item[#"urn:appian:record-field:v1:6c3fef7d-77e0-454a-a6e6-3fbd78751e4e/0a703153-17c5-4d14-819a-267342b223a7"] &lt;= 9999999999
                        ),
                        "",
                        #"_a-0000ea32-66e7-8000-9be7-011c48011c48_578271"[30]
                      ), 
                      align: "RIGHT"
                    ),
                    #"SYSTEM_SYSRULES_floatingPointField"(
                      value: fv!item[#"urn:appian:record-field:v1:6c3fef7d-77e0-454a-a6e6-3fbd78751e4e/755111eb-ba32-4008-a314-4d11749386d0"],
                      saveInto: fv!item[#"urn:appian:record-field:v1:6c3fef7d-77e0-454a-a6e6-3fbd78751e4e/755111eb-ba32-4008-a314-4d11749386d0"],
                      required: true(),
                      readOnly: or(
                        local!IsEditBudget &lt;&gt; true(),
                        fv!item[#"urn:appian:record-field:v1:6c3fef7d-77e0-454a-a6e6-3fbd78751e4e/9487c88e-4916-4c8b-8d8c-c104fb818c37"]="With Budget"
                      ),
                      validations: if(
                        and(
                          fv!item[#"urn:appian:record-field:v1:6c3fef7d-77e0-454a-a6e6-3fbd78751e4e/755111eb-ba32-4008-a314-4d11749386d0"] &gt;= 0,
                          fv!item[#"urn:appian:record-field:v1:6c3fef7d-77e0-454a-a6e6-3fbd78751e4e/755111eb-ba32-4008-a314-4d11749386d0"] &lt;= 9999999999
                        ),
                        "",
                        #"_a-0000ea32-66e7-8000-9be7-011c48011c48_578271"[30]
                      ), 
                      align: "RIGHT"
                    ),
                    #"SYSTEM_SYSRULES_floatingPointField"(
                      value: fv!item[#"urn:appian:record-field:v1:6c3fef7d-77e0-454a-a6e6-3fbd78751e4e/94c6bec5-7934-4655-bb0f-43eff1eb45c3"],
                      saveInto: fv!item[#"urn:appian:record-field:v1:6c3fef7d-77e0-454a-a6e6-3fbd78751e4e/94c6bec5-7934-4655-bb0f-43eff1eb45c3"],
                      required: true(),
                      readOnly: or(
                        local!IsEditBudget &lt;&gt; true(),
                        fv!item[#"urn:appian:record-field:v1:6c3fef7d-77e0-454a-a6e6-3fbd78751e4e/9487c88e-4916-4c8b-8d8c-c104fb818c37"]="With Budget"
                      ),
                      validations: if(
                        and(
                          fv!item[#"urn:appian:record-field:v1:6c3fef7d-77e0-454a-a6e6-3fbd78751e4e/94c6bec5-7934-4655-bb0f-43eff1eb45c3"] &gt;= 0,
                          fv!item[#"urn:appian:record-field:v1:6c3fef7d-77e0-454a-a6e6-3fbd78751e4e/94c6bec5-7934-4655-bb0f-43eff1eb45c3"] &lt;= 9999999999
                        ),
                        "",
                        #"_a-0000ea32-66e7-8000-9be7-011c48011c48_578271"[30]
                      ), 
                      align: "RIGHT"
                    ),
                    #"SYSTEM_SYSRULES_floatingPointField"(
                      value: fv!item[#"urn:appian:record-field:v1:6c3fef7d-77e0-454a-a6e6-3fbd78751e4e/2e85dbd9-8ec2-4b01-9dc0-f09e44deb25f"],
                      saveInto: fv!item[#"urn:appian:record-field:v1:6c3fef7d-77e0-454a-a6e6-3fbd78751e4e/2e85dbd9-8ec2-4b01-9dc0-f09e44deb25f"],
                      required: true(),
                      readOnly: or(
                        local!IsEditBudget &lt;&gt; true(),
                        fv!item[#"urn:appian:record-field:v1:6c3fef7d-77e0-454a-a6e6-3fbd78751e4e/9487c88e-4916-4c8b-8d8c-c104fb818c37"]="With Budget"
                      ),
                      validations: if(
                        and(
                          fv!item[#"urn:appian:record-field:v1:6c3fef7d-77e0-454a-a6e6-3fbd78751e4e/2e85dbd9-8ec2-4b01-9dc0-f09e44deb25f"] &gt;= 0,
                          fv!item[#"urn:appian:record-field:v1:6c3fef7d-77e0-454a-a6e6-3fbd78751e4e/2e85dbd9-8ec2-4b01-9dc0-f09e44deb25f"] &lt;= 9999999999
                        ),
                        "",
                        #"_a-0000ea32-66e7-8000-9be7-011c48011c48_578271"[30]
                      ), 
                      align: "RIGHT"
                    ),
                    #"SYSTEM_SYSRULES_floatingPointField"(
                      value: fv!item[#"urn:appian:record-field:v1:6c3fef7d-77e0-454a-a6e6-3fbd78751e4e/365e9439-d8e0-4690-ac18-f4bde1ec1b7b"],
                      saveInto: fv!item[#"urn:appian:record-field:v1:6c3fef7d-77e0-454a-a6e6-3fbd78751e4e/365e9439-d8e0-4690-ac18-f4bde1ec1b7b"],
                      required: true(),
                      readOnly: or(
                        local!IsEditBudget &lt;&gt; true(),
                        fv!item[#"urn:appian:record-field:v1:6c3fef7d-77e0-454a-a6e6-3fbd78751e4e/9487c88e-4916-4c8b-8d8c-c104fb818c37"]="With Budget"
                      ),
                      validations: if(
                        and(
                          fv!item[#"urn:appian:record-field:v1:6c3fef7d-77e0-454a-a6e6-3fbd78751e4e/365e9439-d8e0-4690-ac18-f4bde1ec1b7b"] &gt;= 0,
                          fv!item[#"urn:appian:record-field:v1:6c3fef7d-77e0-454a-a6e6-3fbd78751e4e/365e9439-d8e0-4690-ac18-f4bde1ec1b7b"] &lt;= 9999999999
                        ),
                        "",
                        #"_a-0000ea32-66e7-8000-9be7-011c48011c48_578271"[30]
                      ), 
                      align: "RIGHT"
                    ),
                    #"SYSTEM_SYSRULES_floatingPointField"(
                      value: fv!item[#"urn:appian:record-field:v1:6c3fef7d-77e0-454a-a6e6-3fbd78751e4e/3c34fcc1-f8ac-40b0-a40c-d6b72275bcfd"],
                      saveInto: fv!item[#"urn:appian:record-field:v1:6c3fef7d-77e0-454a-a6e6-3fbd78751e4e/3c34fcc1-f8ac-40b0-a40c-d6b72275bcfd"],
                      required: true(),
                      readOnly: or(
                        local!IsEditBudget &lt;&gt; true(),
                        fv!item[#"urn:appian:record-field:v1:6c3fef7d-77e0-454a-a6e6-3fbd78751e4e/9487c88e-4916-4c8b-8d8c-c104fb818c37"]="With Budget"
                      ),
                      validations: if(
                        and(
                          fv!item[#"urn:appian:record-field:v1:6c3fef7d-77e0-454a-a6e6-3fbd78751e4e/3c34fcc1-f8ac-40b0-a40c-d6b72275bcfd"] &gt;= 0,
                          fv!item[#"urn:appian:record-field:v1:6c3fef7d-77e0-454a-a6e6-3fbd78751e4e/3c34fcc1-f8ac-40b0-a40c-d6b72275bcfd"] &lt;= 9999999999
                        ),
                        "",
                        #"_a-0000ea32-66e7-8000-9be7-011c48011c48_578271"[30]
                      ), 
                      align: "RIGHT"
                    ),
                    #"SYSTEM_SYSRULES_floatingPointField"(
                      value: fv!item[#"urn:appian:record-field:v1:6c3fef7d-77e0-454a-a6e6-3fbd78751e4e/d375ffdd-9b66-430b-8fee-fab7c87679bb"],
                      saveInto: fv!item[#"urn:appian:record-field:v1:6c3fef7d-77e0-454a-a6e6-3fbd78751e4e/d375ffdd-9b66-430b-8fee-fab7c87679bb"],
                      required: true(),
                      readOnly: or(
                        local!IsEditBudget &lt;&gt; true(),
                        fv!item[#"urn:appian:record-field:v1:6c3fef7d-77e0-454a-a6e6-3fbd78751e4e/9487c88e-4916-4c8b-8d8c-c104fb818c37"]="With Budget"
                      ),
                      validations: if(
                        and(
                          fv!item[#"urn:appian:record-field:v1:6c3fef7d-77e0-454a-a6e6-3fbd78751e4e/d375ffdd-9b66-430b-8fee-fab7c87679bb"] &gt;= 0,
                          fv!item[#"urn:appian:record-field:v1:6c3fef7d-77e0-454a-a6e6-3fbd78751e4e/d375ffdd-9b66-430b-8fee-fab7c87679bb"] &lt;= 9999999999
                        ),
                        "",
                        #"_a-0000ea32-66e7-8000-9be7-011c48011c48_578271"[30]
                      ), 
                      align: "RIGHT"
                    ),
                    #"SYSTEM_SYSRULES_floatingPointField"(
                      value: fv!item[#"urn:appian:record-field:v1:6c3fef7d-77e0-454a-a6e6-3fbd78751e4e/ed7e89db-797f-4fcb-a608-fe331da67206"],
                      saveInto: fv!item[#"urn:appian:record-field:v1:6c3fef7d-77e0-454a-a6e6-3fbd78751e4e/ed7e89db-797f-4fcb-a608-fe331da67206"],
                      required: true(),
                      readOnly: or(
                        local!IsEditBudget &lt;&gt; true(),
                        fv!item[#"urn:appian:record-field:v1:6c3fef7d-77e0-454a-a6e6-3fbd78751e4e/9487c88e-4916-4c8b-8d8c-c104fb818c37"]="With Budget"
                      ),
                      validations: if(
                        and(
                          fv!item[#"urn:appian:record-field:v1:6c3fef7d-77e0-454a-a6e6-3fbd78751e4e/ed7e89db-797f-4fcb-a608-fe331da67206"] &gt;= 0,
                          fv!item[#"urn:appian:record-field:v1:6c3fef7d-77e0-454a-a6e6-3fbd78751e4e/ed7e89db-797f-4fcb-a608-fe331da67206"] &lt;= 9999999999
                        ),
                        "",
                        #"_a-0000ea32-66e7-8000-9be7-011c48011c48_578271"[30]
                      ), 
                      align: "RIGHT"
                    ),
                    #"SYSTEM_SYSRULES_floatingPointField"(
                      value: fv!item[#"urn:appian:record-field:v1:6c3fef7d-77e0-454a-a6e6-3fbd78751e4e/f5d27980-ae87-41fd-a45c-1e1f81ef0fd1"],
                      saveInto: fv!item[#"urn:appian:record-field:v1:6c3fef7d-77e0-454a-a6e6-3fbd78751e4e/f5d27980-ae87-41fd-a45c-1e1f81ef0fd1"],
                      required: true(),
                      readOnly: or(
                        local!IsEditBudget &lt;&gt; true(),
                        fv!item[#"urn:appian:record-field:v1:6c3fef7d-77e0-454a-a6e6-3fbd78751e4e/9487c88e-4916-4c8b-8d8c-c104fb818c37"]="With Budget"
                      ),
                      validations: if(
                        and(
                          fv!item[#"urn:appian:record-field:v1:6c3fef7d-77e0-454a-a6e6-3fbd78751e4e/f5d27980-ae87-41fd-a45c-1e1f81ef0fd1"] &gt;= 0,
                          fv!item[#"urn:appian:record-field:v1:6c3fef7d-77e0-454a-a6e6-3fbd78751e4e/f5d27980-ae87-41fd-a45c-1e1f81ef0fd1"] &lt;= 9999999999
                        ),
                        "",
                        #"_a-0000ea32-66e7-8000-9be7-011c48011c48_578271"[30]
                      ), 
                      align: "RIGHT"
                    ),
                    #"SYSTEM_SYSRULES_richTextDisplayField"(
                      value: a!localVariables(
                        local!Sum:sum(
                          {
                            0,
                            fv!item[#"urn:appian:record-field:v1:6c3fef7d-77e0-454a-a6e6-3fbd78751e4e/0bb924fc-1dd9-44f1-bb22-cca156e92a8b"],
                            fv!item[#"urn:appian:record-field:v1:6c3fef7d-77e0-454a-a6e6-3fbd78751e4e/6205578e-9342-4561-a89b-26964dc60def"],
                            fv!item[#"urn:appian:record-field:v1:6c3fef7d-77e0-454a-a6e6-3fbd78751e4e/e76f3c9d-6e35-4787-99c3-5be5bd9d825b"],
                            fv!item[#"urn:appian:record-field:v1:6c3fef7d-77e0-454a-a6e6-3fbd78751e4e/0a703153-17c5-4d14-819a-267342b223a7"],
                            fv!item[#"urn:appian:record-field:v1:6c3fef7d-77e0-454a-a6e6-3fbd78751e4e/755111eb-ba32-4008-a314-4d11749386d0"],
                            fv!item[#"urn:appian:record-field:v1:6c3fef7d-77e0-454a-a6e6-3fbd78751e4e/94c6bec5-7934-4655-bb0f-43eff1eb45c3"],
                            fv!item[#"urn:appian:record-field:v1:6c3fef7d-77e0-454a-a6e6-3fbd78751e4e/2e85dbd9-8ec2-4b01-9dc0-f09e44deb25f"],
                            fv!item[#"urn:appian:record-field:v1:6c3fef7d-77e0-454a-a6e6-3fbd78751e4e/365e9439-d8e0-4690-ac18-f4bde1ec1b7b"],
                            fv!item[#"urn:appian:record-field:v1:6c3fef7d-77e0-454a-a6e6-3fbd78751e4e/3c34fcc1-f8ac-40b0-a40c-d6b72275bcfd"],
                            fv!item[#"urn:appian:record-field:v1:6c3fef7d-77e0-454a-a6e6-3fbd78751e4e/d375ffdd-9b66-430b-8fee-fab7c87679bb"],
                            fv!item[#"urn:appian:record-field:v1:6c3fef7d-77e0-454a-a6e6-3fbd78751e4e/ed7e89db-797f-4fcb-a608-fe331da67206"],
                            fv!item[#"urn:appian:record-field:v1:6c3fef7d-77e0-454a-a6e6-3fbd78751e4e/f5d27980-ae87-41fd-a45c-1e1f81ef0fd1"]
                          }
                        ),
                        #"SYSTEM_SYSRULES_richTextItem_v1"(
                          text: local!Sum,
                          color: if(
                            local!Sum&lt;&gt;100,
                            "NEGATIVE",
                            ""
                          ),
                          style: "STRONG"
                        )
                      ), 
                      align: "RIGHT"
                    )
                  },
                  selectionDisabled: true()
                ),
                #"SYSTEM_SYSRULES_gridRowLayout"(
                  id: fv!item[#"urn:appian:record-field:v1:6c3fef7d-77e0-454a-a6e6-3fbd78751e4e/a0ee4ee6-6177-4347-baa8-cbb09fedb777"],
                  contents: {
                    #"SYSTEM_SYSRULES_richTextDisplayField"(),
                    #"SYSTEM_SYSRULES_richTextDisplayField"(
                      value: #"SYSTEM_SYSRULES_richTextItem_v1"(
                        text: sum(
                          {
                            0,
                            local!Level4Data[#"urn:appian:record-field:v1:6c3fef7d-77e0-454a-a6e6-3fbd78751e4e/4681c82c-1a6e-4742-ab13-695b6ebcffa3"]
                          }
                        ),
                        style: "STRONG"
                      ), 
                      align: "RIGHT"
                    ),
                    #"SYSTEM_SYSRULES_richTextDisplayField"(
                      value: #"SYSTEM_SYSRULES_richTextItem_v1"(
                        text: sum(
                          {
                            0,
                            local!Level4Data[#"urn:appian:record-field:v1:6c3fef7d-77e0-454a-a6e6-3fbd78751e4e/60c0897c-f261-4c73-a268-6a68f661b4d4"]
                          }
                        ),
                        style: "STRONG"
                      ), 
                      align: "RIGHT"
                    ),
                    #"SYSTEM_SYSRULES_richTextDisplayField"(
                      value: #"SYSTEM_SYSRULES_richTextItem_v1"(
                        text: sum(
                          {
                            0,
                            local!Level4Data[#"urn:appian:record-field:v1:6c3fef7d-77e0-454a-a6e6-3fbd78751e4e/61ada6e6-c281-4086-87c5-b625b5c97cef"]
                          }
                        ),
                        style: "STRONG"
                      ), 
                      align: "RIGHT"
                    ),
                    #"SYSTEM_SYSRULES_richTextDisplayField"(
                      value: #"SYSTEM_SYSRULES_richTextItem_v1"(
                        text: sum(
                          {
                            0,
                            local!Level4Data[#"urn:appian:record-field:v1:6c3fef7d-77e0-454a-a6e6-3fbd78751e4e/f7d181d1-4907-4fa4-9877-80d9da248c26"]
                          }
                        ),
                        style: "STRONG"
                      ), 
                      align: "RIGHT"
                    ),
                    #"SYSTEM_SYSRULES_richTextDisplayField"(
                      value: #"SYSTEM_SYSRULES_richTextItem_v1"(
                        text: sum(
                          {
                            0,
                            local!Level4Data[#"urn:appian:record-field:v1:6c3fef7d-77e0-454a-a6e6-3fbd78751e4e/e1c39549-c522-4e24-b80a-f5ed984299f8"]
                          }
                        ),
                        style: "STRONG"
                      ), 
                      align: "RIGHT"
                    ),
                    #"SYSTEM_SYSRULES_richTextDisplayField"(
                      value: #"SYSTEM_SYSRULES_richTextItem_v1"(
                        text: sum(
                          {
                            0,
                            local!Level4Data[#"urn:appian:record-field:v1:6c3fef7d-77e0-454a-a6e6-3fbd78751e4e/18e459d9-44df-42d3-b4e9-b8778f23b7e1"]
                          }
                        ),
                        style: "STRONG"
                      ), 
                      align: "RIGHT"
                    ),
                    #"SYSTEM_SYSRULES_richTextDisplayField"(
                      value: #"SYSTEM_SYSRULES_richTextItem_v1"(
                        text: sum(
                          {
                            0,
                            local!Level4Data[#"urn:appian:record-field:v1:6c3fef7d-77e0-454a-a6e6-3fbd78751e4e/f6ff84f9-ede8-4540-986c-9ce22d0c1c75"]
                          }
                        ),
                        style: "STRONG"
                      ), 
                      align: "RIGHT"
                    ),
                    #"SYSTEM_SYSRULES_richTextDisplayField"(
                      value: #"SYSTEM_SYSRULES_richTextItem_v1"(
                        text: sum(
                          {
                            0,
                            local!Level4Data[#"urn:appian:record-field:v1:6c3fef7d-77e0-454a-a6e6-3fbd78751e4e/f1f5a5b5-e663-4279-a595-ac48b992f7da"]
                          }
                        ),
                        style: "STRONG"
                      ), 
                      align: "RIGHT"
                    ),
                    #"SYSTEM_SYSRULES_richTextDisplayField"(
                      value: #"SYSTEM_SYSRULES_richTextItem_v1"(
                        text: sum(
                          {
                            0,
                            local!Level4Data[#"urn:appian:record-field:v1:6c3fef7d-77e0-454a-a6e6-3fbd78751e4e/07c7b8ea-cca8-4cb0-8ba7-a086a183cec4"]
                          }
                        ),
                        style: "STRONG"
                      ), 
                      align: "RIGHT"
                    ),
                    #"SYSTEM_SYSRULES_richTextDisplayField"(
                      value: #"SYSTEM_SYSRULES_richTextItem_v1"(
                        text: sum(
                          {
                            0,
                            local!Level4Data[#"urn:appian:record-field:v1:6c3fef7d-77e0-454a-a6e6-3fbd78751e4e/f77f08c9-8bbd-42ca-8f78-f8cff914f85f"]
                          }
                        ),
                        style: "STRONG"
                      ), 
                      align: "RIGHT"
                    ),
                    #"SYSTEM_SYSRULES_richTextDisplayField"(
                      value: #"SYSTEM_SYSRULES_richTextItem_v1"(
                        text: sum(
                          {
                            0,
                            local!Level4Data[#"urn:appian:record-field:v1:6c3fef7d-77e0-454a-a6e6-3fbd78751e4e/fe3c5058-8125-4eea-a9ca-d0669ab7ba67"]
                          }
                        ),
                        style: "STRONG"
                      ), 
                      align: "RIGHT"
                    ),
                    #"SYSTEM_SYSRULES_richTextDisplayField"(
                      value: #"SYSTEM_SYSRULES_richTextItem_v1"(
                        text: sum(
                          {
                            0,
                            local!Level4Data[#"urn:appian:record-field:v1:6c3fef7d-77e0-454a-a6e6-3fbd78751e4e/f0312f2f-b384-4692-83b8-063ea679a710"]
                          }
                        ),
                        style: "STRONG"
                      ), 
                      align: "RIGHT"
                    ),
                    #"SYSTEM_SYSRULES_richTextDisplayField"(),
                    #"SYSTEM_SYSRULES_richTextDisplayField"(
                      value: #"SYSTEM_SYSRULES_richTextItem_v1"(
                        text: sum(
                          {
                            0,
                            local!Level4Data[#"urn:appian:record-field:v1:6c3fef7d-77e0-454a-a6e6-3fbd78751e4e/0bb924fc-1dd9-44f1-bb22-cca156e92a8b"]
                          }
                        ),
                        style: "STRONG"
                      ), 
                      align: "RIGHT"
                    ),
                    #"SYSTEM_SYSRULES_richTextDisplayField"(
                      value: #"SYSTEM_SYSRULES_richTextItem_v1"(
                        text: sum(
                          {
                            0,
                            local!Level4Data[#"urn:appian:record-field:v1:6c3fef7d-77e0-454a-a6e6-3fbd78751e4e/6205578e-9342-4561-a89b-26964dc60def"]
                          }
                        ),
                        style: "STRONG"
                      ), 
                      align: "RIGHT"
                    ),
                    #"SYSTEM_SYSRULES_richTextDisplayField"(
                      value: #"SYSTEM_SYSRULES_richTextItem_v1"(
                        text: sum(
                          {
                            0,
                            local!Level4Data[#"urn:appian:record-field:v1:6c3fef7d-77e0-454a-a6e6-3fbd78751e4e/e76f3c9d-6e35-4787-99c3-5be5bd9d825b"]
                          }
                        ),
                        style: "STRONG"
                      ), 
                      align: "RIGHT"
                    ),
                    #"SYSTEM_SYSRULES_richTextDisplayField"(
                      value: #"SYSTEM_SYSRULES_richTextItem_v1"(
                        text: sum(
                          {
                            0,
                            local!Level4Data[#"urn:appian:record-field:v1:6c3fef7d-77e0-454a-a6e6-3fbd78751e4e/0a703153-17c5-4d14-819a-267342b223a7"]
                          }
                        ),
                        style: "STRONG"
                      ), 
                      align: "RIGHT"
                    ),
                    #"SYSTEM_SYSRULES_richTextDisplayField"(
                      value: #"SYSTEM_SYSRULES_richTextItem_v1"(
                        text: sum(
                          {
                            0,
                            local!Level4Data[#"urn:appian:record-field:v1:6c3fef7d-77e0-454a-a6e6-3fbd78751e4e/755111eb-ba32-4008-a314-4d11749386d0"]
                          }
                        ),
                        style: "STRONG"
                      ), 
                      align: "RIGHT"
                    ),
                    #"SYSTEM_SYSRULES_richTextDisplayField"(
                      value: #"SYSTEM_SYSRULES_richTextItem_v1"(
                        text: sum(
                          {
                            0,
                            local!Level4Data[#"urn:appian:record-field:v1:6c3fef7d-77e0-454a-a6e6-3fbd78751e4e/94c6bec5-7934-4655-bb0f-43eff1eb45c3"]
                          }
                        ),
                        style: "STRONG"
                      ), 
                      align: "RIGHT"
                    ),
                    #"SYSTEM_SYSRULES_richTextDisplayField"(
                      value: #"SYSTEM_SYSRULES_richTextItem_v1"(
                        text: sum(
                          {
                            0,
                            local!Level4Data[#"urn:appian:record-field:v1:6c3fef7d-77e0-454a-a6e6-3fbd78751e4e/2e85dbd9-8ec2-4b01-9dc0-f09e44deb25f"]
                          }
                        ),
                        style: "STRONG"
                      ), 
                      align: "RIGHT"
                    ),
                    #"SYSTEM_SYSRULES_richTextDisplayField"(
                      value: #"SYSTEM_SYSRULES_richTextItem_v1"(
                        text: sum(
                          {
                            0,
                            local!Level4Data[#"urn:appian:record-field:v1:6c3fef7d-77e0-454a-a6e6-3fbd78751e4e/365e9439-d8e0-4690-ac18-f4bde1ec1b7b"]
                          }
                        ),
                        style: "STRONG"
                      ), 
                      align: "RIGHT"
                    ),
                    #"SYSTEM_SYSRULES_richTextDisplayField"(
                      value: #"SYSTEM_SYSRULES_richTextItem_v1"(
                        text: sum(
                          {
                            0,
                            local!Level4Data[#"urn:appian:record-field:v1:6c3fef7d-77e0-454a-a6e6-3fbd78751e4e/3c34fcc1-f8ac-40b0-a40c-d6b72275bcfd"]
                          }
                        ),
                        style: "STRONG"
                      ), 
                      align: "RIGHT"
                    ),
                    #"SYSTEM_SYSRULES_richTextDisplayField"(
                      value: #"SYSTEM_SYSRULES_richTextItem_v1"(
                        text: sum(
                          {
                            0,
                            local!Level4Data[#"urn:appian:record-field:v1:6c3fef7d-77e0-454a-a6e6-3fbd78751e4e/d375ffdd-9b66-430b-8fee-fab7c87679bb"]
                          }
                        ),
                        style: "STRONG"
                      ), 
                      align: "RIGHT"
                    ),
                    #"SYSTEM_SYSRULES_richTextDisplayField"(
                      value: #"SYSTEM_SYSRULES_richTextItem_v1"(
                        text: sum(
                          {
                            0,
                            local!Level4Data[#"urn:appian:record-field:v1:6c3fef7d-77e0-454a-a6e6-3fbd78751e4e/ed7e89db-797f-4fcb-a608-fe331da67206"]
                          }
                        ),
                        style: "STRONG"
                      ), 
                      align: "RIGHT"
                    ),
                    #"SYSTEM_SYSRULES_richTextDisplayField"(
                      value: #"SYSTEM_SYSRULES_richTextItem_v1"(
                        text: sum(
                          {
                            0,
                            local!Level4Data[#"urn:appian:record-field:v1:6c3fef7d-77e0-454a-a6e6-3fbd78751e4e/f5d27980-ae87-41fd-a45c-1e1f81ef0fd1"]
                          }
                        ),
                        style: "STRONG"
                      ), 
                      align: "RIGHT"
                    ),
                    #"SYSTEM_SYSRULES_richTextDisplayField"()
                  },
                  showWhen: fv!isLast,
                  selectionDisabled: true()
                )
              }
            ),
            selectionValue: tointeger(
              index(
                local!SelectedData,
                #"urn:appian:record-field:v1:6c3fef7d-77e0-454a-a6e6-3fbd78751e4e/a0ee4ee6-6177-4347-baa8-cbb09fedb777",
                {}
              )
            ),
            selectable: and(
              a!isNotNullOrEmpty(tointeger(
                index(
                  local!SelectedData,
                  #"urn:appian:record-field:v1:6c3fef7d-77e0-454a-a6e6-3fbd78751e4e/a0ee4ee6-6177-4347-baa8-cbb09fedb777",
                  {}
                )
              )),
              local!IsEditBudget&lt;&gt;true()
            ),
            selectionStyle: "ROW_HIGHLIGHT",
            shadeAlternateRows: true(),
            spacing: "DENSE"
          ),
          showWhen: a!isNotNullOrEmpty(local!Level4Data),
          shape: "ROUNDED",
          showBorder: false(),
          showShadow: true()
        ),
        #"SYSTEM_SYSRULES_sectionLayout_v1"(
          contents: #"SYSTEM_SYSRULES_ButtonLayout"(
            primaryButtons: {
              #"SYSTEM_SYSRULES_ButtonWidget"(
                label: #"_a-0000ea32-66e7-8000-9be7-011c48011c48_578271"[8],
                icon: "edit",
                saveInto: #"SYSTEM_SYSRULES_writeRecords"(
                  records: local!Level4Data,
                  onSuccess: a!save(local!Refresh, now())
                ),
                size: "SMALL",
                style: "PRIMARY",
                loadingIndicator: true(),
                showWhen: local!IsEditBudget = true(),
                validate: true()
              ),
              #"SYSTEM_SYSRULES_ButtonWidget"(
                label: #"_a-0000ea32-66e7-8000-9be7-011c48011c48_578271"[59],
                icon: "edit",
                value: true(),
                saveInto: {
                  local!IsEditBudget,
                  a!save(local!SelectedData, null())
                },
                size: "SMALL",
                style: "PRIMARY",
                loadingIndicator: true(),
                showWhen: local!IsEditBudget &lt;&gt; true()
              )
            },
            secondaryButtons: #"SYSTEM_SYSRULES_ButtonWidget"(
              label: #"_a-0000ea32-66e7-8000-9be7-011c48011c48_578271"[9],
              icon: "times",
              saveInto: a!save(local!Refresh, now()),
              size: "SMALL",
              style: "DESTRUCTIVE",
              loadingIndicator: true(),
              showWhen: local!IsEditBudget = true()
            )
          ),
          divider: "ABOVE",
          marginBelow: "NONE"
        )
      },
      style: "#428CD0",
      shape: "ROUNDED",
      isCollapsible: true(),
      showBorder: false(),
      showShadow: true()
    ),
    #"SYSTEM_SYSRULES_imageField_v1"(
      images: #"SYSTEM_SYSRULES_documentImage"(
        document: #"SYSTEM_SYSRULES_iconIndicator"(icon: "MOVE_DOWN")
      ),
      showWhen: a!isNotNullOrEmpty(local!SelectedData),
      align: "CENTER",
      marginBelow: "EVEN_LESS"
    ),
    if(
      a!isNullOrEmpty(local!SelectedData),
      {},
      #"_a-0000ea32-66e7-8000-9be7-011c48011c48_576027"(SelectedLevel4Data: local!SelectedData, PreviousLabel: concat(ri!PreviousLabel, " -&gt; ",local!SelectedData[#"urn:appian:record-field:v1:6c3fef7d-77e0-454a-a6e6-3fbd78751e4e/6df83b4b-ae56-46ed-b36c-eecfdd6e85f8"]), RefreshL4: local!Refresh)
    )
  }
)</definition>
        <namedTypedValue>
            <name>SelectedLevel3Data</name>
            <type>
                <name>6c3fef7d-77e0-454a-a6e6-3fbd78751e4e</name>
                <namespace>urn:com:appian:recordtype:datatype</namespace>
            </type>
        </namedTypedValue>
        <namedTypedValue>
            <name>PreviousLabel</name>
            <type>
                <name>string</name>
                <namespace>http://www.w3.org/2001/XMLSchema</namespace>
            </type>
            <value/>
        </namedTypedValue>
        <preferredEditor>interface</preferredEditor>
        <offlineEnabled>false</offlineEnabled>
        <isCustom>false</isCustom>
    </interface>
    <roleMap public="true">
        <role inherit="true" allowForAll="false" name="readers">
            <users/>
            <groups/>
        </role>
        <role inherit="true" allowForAll="false" name="authors">
            <users/>
            <groups/>
        </role>
        <role inherit="true" allowForAll="false" name="administrators">
            <users/>
            <groups/>
        </role>
        <role inherit="false" allowForAll="false" name="denyReaders">
            <users/>
            <groups/>
        </role>
        <role inherit="false" allowForAll="false" name="denyAuthors">
            <users/>
            <groups/>
        </role>
        <role inherit="false" allowForAll="false" name="denyAdministrators">
            <users/>
            <groups/>
        </role>
    </roleMap>
    <typedValue>
        <type>
            <name>RuleTestConfig?list</name>
            <namespace>http://www.appian.com/ae/types/2009</namespace>
        </type>
        <value>
            <el>
                <a:name/>
                <a:ruleInputTestConfigs>
                    <a:value xmlns:xsi="http://www.w3.org/2001/XMLSchema-instance" xsi:type="a:Expression">#"SYSTEM_SYSRULES_queryRecordType_v1"(
  recordType: #"urn:appian:record-type:v1:6c3fef7d-77e0-454a-a6e6-3fbd78751e4e",
  filters: #"SYSTEM_SYSRULES_queryFilter"(
    field: #"urn:appian:record-field:v1:6c3fef7d-77e0-454a-a6e6-3fbd78751e4e/8e1e27e5-af5d-4579-85a4-15eeb3be449c",
    operator: "=",
    value: 3
  ),
  pagingInfo: #"SYSTEM_SYSRULES_pagingInfo"(
    1,
    1,
    #"SYSTEM_SYSRULES_sortInfo"(
      field: #"urn:appian:record-field:v1:6c3fef7d-77e0-454a-a6e6-3fbd78751e4e/a0ee4ee6-6177-4347-baa8-cbb09fedb777",
      ascending: true()
    )
  )
).data</a:value>
                    <a:nameRef>SelectedLevel3Data</a:nameRef>
                    <a:id>1</a:id>
                </a:ruleInputTestConfigs>
                <a:ruleInputTestConfigs>
                    <a:value xmlns:xsd="http://www.w3.org/2001/XMLSchema" xmlns:xsi="http://www.w3.org/2001/XMLSchema-instance" xsi:type="xsd:string"/>
                    <a:nameRef>PreviousLabel</a:nameRef>
                    <a:id>2</a:id>
                </a:ruleInputTestConfigs>
                <a:assertions xmlns:xsi="http://www.w3.org/2001/XMLSchema-instance" xsi:nil="true"/>
            </el>
        </value>
    </typedValue>
    <history>
        <historyInfo versionUuid="_a-0000ea32-66e7-8000-9be7-011c48011c48_578238"/>
        <historyInfo versionUuid="_a-0000ea32-66e7-8000-9be7-011c48011c48_578523"/>
        <historyInfo versionUuid="_a-0000ea32-66e7-8000-9be7-011c48011c48_583562"/>
        <historyInfo versionUuid="_a-0000ea32-66e7-8000-9be7-011c48011c48_583961"/>
    </history>
</contentHaul>
