<?xml version="1.0" encoding="UTF-8" standalone="yes"?>
<contentHaul xmlns:a="http://www.appian.com/ae/types/2009">
    <versionUuid>_a-0000ea32-66e7-8000-9be7-011c48011c48_583495</versionUuid>
    <interface>
        <name>AOP_Level6</name>
        <uuid>_a-0000ea32-66e7-8000-9be7-011c48011c48_576241</uuid>
        <description></description>
        <parentUuid>b6a69d31-f76d-4d15-a8ab-8de2124c1392</parentUuid>
        <visibility>
            <advertise>false</advertise>
            <hierarchy>true</hierarchy>
            <indexable>true</indexable>
            <quota>false</quota>
            <searchable>true</searchable>
            <system>false</system>
            <unlogged>false</unlogged>
        </visibility>
        <definition>a!localVariables(
  local!Refresh: now(),
  local!Level6Data: a!refreshVariable(
    value: #"SYSTEM_SYSRULES_queryRecordType_v1"(
      recordType: #"urn:appian:record-type:v1:6c3fef7d-77e0-454a-a6e6-3fbd78751e4e",
      filters: #"SYSTEM_SYSRULES_queryFilter"(
        field: #"urn:appian:record-field:v1:6c3fef7d-77e0-454a-a6e6-3fbd78751e4e/dc995d66-0ab5-424a-adb6-e89481dfc1ed",
        operator: "=",
        value: ri!SelectedLevel5Data[#"urn:appian:record-field:v1:6c3fef7d-77e0-454a-a6e6-3fbd78751e4e/a0ee4ee6-6177-4347-baa8-cbb09fedb777"]
      ),
      pagingInfo: #"SYSTEM_SYSRULES_pagingInfo"(
        1,
        100,
        #"SYSTEM_SYSRULES_sortInfo"(
          field: #"urn:appian:record-field:v1:6c3fef7d-77e0-454a-a6e6-3fbd78751e4e/a0ee4ee6-6177-4347-baa8-cbb09fedb777",
          ascending: true()
        )
      )
    ).data,
    refreshOnVarChange: local!Refresh
  ),
  local!IsEditBudget: a!refreshVariable(
    value: false(),
    refreshOnVarChange: { local!Refresh, ri!SelectedLevel5Data }
  ),
  local!EvalL4,
  local!EvalL5,
  local!EvalL6,
  {
    #"SYSTEM_SYSRULES_boxLayout"(
      label: concat(
        ri!PreviousLabel,
        " -&gt; ",
        #"_a-0000ea32-66e7-8000-9be7-011c48011c48_578271"[63]
      ),
      contents: {
        #"SYSTEM_SYSRULES_gridLayout"(
          labelPosition: "COLLAPSED",
          headerCells: {
            #"SYSTEM_SYSRULES_gridLayoutHeaderCell"(label: #"_a-0000ea32-66e7-8000-9be7-011c48011c48_578271"[2]),
            #"SYSTEM_SYSRULES_gridLayoutHeaderCell"(label: #"_a-0000ea32-66e7-8000-9be7-011c48011c48_578271"[5], align: "RIGHT"),
            #"SYSTEM_SYSRULES_gridLayoutHeaderCell"(label: #"_a-0000ea32-66e7-8000-9be7-011c48011c48_578271"[64]),
            #"SYSTEM_SYSRULES_gridLayoutHeaderCell"(label: #"_a-0000ea32-66e7-8000-9be7-011c48011c48_578271"[65]),
            #"SYSTEM_SYSRULES_gridLayoutHeaderCell"(label: #"_a-0000ea32-66e7-8000-9be7-011c48011c48_578271"[23]&amp;" / "&amp;#"_a-0000ea32-66e7-8000-9be7-011c48011c48_578271"[27], align: "RIGHT"),
            #"SYSTEM_SYSRULES_gridLayoutHeaderCell"(label: #"_a-0000ea32-66e7-8000-9be7-011c48011c48_578271"[66], align: "RIGHT"),
            #"SYSTEM_SYSRULES_gridLayoutHeaderCell"(label: #"_a-0000ea32-66e7-8000-9be7-011c48011c48_578271"[73], align: "RIGHT"),
            #"SYSTEM_SYSRULES_gridLayoutHeaderCell"(label: #"_a-0000ea32-66e7-8000-9be7-011c48011c48_578271"[67], align: "RIGHT"),
            #"SYSTEM_SYSRULES_gridLayoutHeaderCell"(label: "")
          },
          columnConfigs: {
            #"SYSTEM_SYSRULES_gridLayoutColumnConfig"(),
            #"SYSTEM_SYSRULES_gridLayoutColumnConfig"(),
            #"SYSTEM_SYSRULES_gridLayoutColumnConfig"(),
            #"SYSTEM_SYSRULES_gridLayoutColumnConfig"(),
            #"SYSTEM_SYSRULES_gridLayoutColumnConfig"(),
            #"SYSTEM_SYSRULES_gridLayoutColumnConfig"(),
            #"SYSTEM_SYSRULES_gridLayoutColumnConfig"(),
            #"SYSTEM_SYSRULES_gridLayoutColumnConfig"(),
            #"SYSTEM_SYSRULES_gridLayoutColumnConfig"(width: "ICON")
          },
          rows: #"SYSTEM_SYSRULES_forEach"(
            items: local!Level6Data,
            expression: {
              #"SYSTEM_SYSRULES_gridRowLayout"(
                id: fv!item[#"urn:appian:record-field:v1:6c3fef7d-77e0-454a-a6e6-3fbd78751e4e/a0ee4ee6-6177-4347-baa8-cbb09fedb777"],
                contents: {
                  #"SYSTEM_SYSRULES_textField"(
                    value: fv!item[#"urn:appian:record-field:v1:6c3fef7d-77e0-454a-a6e6-3fbd78751e4e/ddd5309f-1863-4af7-8066-a36a5a6a98d7"],
                    readOnly: true()
                  ),
                  #"SYSTEM_SYSRULES_textField"(
                    value: fv!item[#"urn:appian:record-field:v1:6c3fef7d-77e0-454a-a6e6-3fbd78751e4e/8e1e27e5-af5d-4579-85a4-15eeb3be449c"],
                    readOnly: true(),
                    align: "RIGHT"
                  ),
                  #"SYSTEM_SYSRULES_textField"(
                    value: fv!item[#"urn:appian:record-field:v1:6c3fef7d-77e0-454a-a6e6-3fbd78751e4e/6df83b4b-ae56-46ed-b36c-eecfdd6e85f8"],
                    saveInto: fv!item[#"urn:appian:record-field:v1:6c3fef7d-77e0-454a-a6e6-3fbd78751e4e/6df83b4b-ae56-46ed-b36c-eecfdd6e85f8"],
                    characterLimit: 255,
                    showCharacterCount: false(),
                    required: true(),
                    readOnly: local!IsEditBudget &lt;&gt; true()
                  ),
                  #"SYSTEM_SYSRULES_dropdownField_v1"(
                    placeholder: #"_a-0000ea32-66e7-8000-9be7-011c48011c48_578271"[71],
                    choiceLabels: {#"_a-0000ea32-66e7-8000-9be7-011c48011c48_578271"[68], #"_a-0000ea32-66e7-8000-9be7-011c48011c48_578271"[69]},
                    choiceValues: {"Contract Phase", "Payment"},
                    value: fv!item[#"urn:appian:record-field:v1:6c3fef7d-77e0-454a-a6e6-3fbd78751e4e/9487c88e-4916-4c8b-8d8c-c104fb818c37"],
                    saveInto: fv!item[#"urn:appian:record-field:v1:6c3fef7d-77e0-454a-a6e6-3fbd78751e4e/9487c88e-4916-4c8b-8d8c-c104fb818c37"],
                    required: true(),
                    disabled: local!IsEditBudget &lt;&gt; true()
                  ),
                  #"SYSTEM_SYSRULES_floatingPointField"(
                    value: fv!item[#"urn:appian:record-field:v1:6c3fef7d-77e0-454a-a6e6-3fbd78751e4e/4a87dcd6-40a3-425e-b49a-9c2a21194049"],
                    saveInto: {
                      a!save(
                        local!Level6Data[fv!index][#"urn:appian:record-field:v1:6c3fef7d-77e0-454a-a6e6-3fbd78751e4e/4a87dcd6-40a3-425e-b49a-9c2a21194049"],
                        save!value
                      ),
                      #"SYSTEM_SYSRULES_forEach"(
                        items: local!Level6Data,
                        expression: if(
                          fv!item[#"urn:appian:record-field:v1:6c3fef7d-77e0-454a-a6e6-3fbd78751e4e/9487c88e-4916-4c8b-8d8c-c104fb818c37"]="Payment",
                          a!save(
                            fv!item[#"urn:appian:record-field:v1:6c3fef7d-77e0-454a-a6e6-3fbd78751e4e/8252de75-cc6a-4ac5-9d94-75d7c10f2e62"],
                            if(
                              ri!SelectedLevel5Data[#"urn:appian:record-field:v1:6c3fef7d-77e0-454a-a6e6-3fbd78751e4e/4a87dcd6-40a3-425e-b49a-9c2a21194049"]&lt;1,
                              0,
                              (
                              local!Level6Data[fv!index][#"urn:appian:record-field:v1:6c3fef7d-77e0-454a-a6e6-3fbd78751e4e/4a87dcd6-40a3-425e-b49a-9c2a21194049"]*if(
                                contains(local!Level6Data[#"urn:appian:record-field:v1:6c3fef7d-77e0-454a-a6e6-3fbd78751e4e/9487c88e-4916-4c8b-8d8c-c104fb818c37"], "Contract Phase"),
                                60,
                                100
                              )
                            )/
                            ri!SelectedLevel5Data[#"urn:appian:record-field:v1:6c3fef7d-77e0-454a-a6e6-3fbd78751e4e/4a87dcd6-40a3-425e-b49a-9c2a21194049"]
                            )
                          ),
                          a!save(
                            fv!item[#"urn:appian:record-field:v1:6c3fef7d-77e0-454a-a6e6-3fbd78751e4e/8252de75-cc6a-4ac5-9d94-75d7c10f2e62"],
                            if(
                              sum(
                                {0, index(index(local!Level6Data, wherecontains("Contract Phase", local!Level6Data[#"urn:appian:record-field:v1:6c3fef7d-77e0-454a-a6e6-3fbd78751e4e/9487c88e-4916-4c8b-8d8c-c104fb818c37"]), {}),
                                #"urn:appian:record-field:v1:6c3fef7d-77e0-454a-a6e6-3fbd78751e4e/4a87dcd6-40a3-425e-b49a-9c2a21194049", {})}
                              )&lt;1,
                              0,
                              (
                                local!Level6Data[fv!index][#"urn:appian:record-field:v1:6c3fef7d-77e0-454a-a6e6-3fbd78751e4e/4a87dcd6-40a3-425e-b49a-9c2a21194049"]*if(
                                  contains(local!Level6Data[#"urn:appian:record-field:v1:6c3fef7d-77e0-454a-a6e6-3fbd78751e4e/9487c88e-4916-4c8b-8d8c-c104fb818c37"], "Payment"),
                                  40,
                                  100
                                )
                              )/
                              sum(
                                {0, index(index(local!Level6Data, wherecontains("Contract Phase", local!Level6Data[#"urn:appian:record-field:v1:6c3fef7d-77e0-454a-a6e6-3fbd78751e4e/9487c88e-4916-4c8b-8d8c-c104fb818c37"]), {}),
                                #"urn:appian:record-field:v1:6c3fef7d-77e0-454a-a6e6-3fbd78751e4e/4a87dcd6-40a3-425e-b49a-9c2a21194049", {})}
                              )
                            )
                          )
                        )
                      )
                    },
                    disabled: a!isNullOrEmpty(fv!item[#"urn:appian:record-field:v1:6c3fef7d-77e0-454a-a6e6-3fbd78751e4e/9487c88e-4916-4c8b-8d8c-c104fb818c37"]),
                    required: true(),
                    readOnly: local!IsEditBudget &lt;&gt; true(),
                    validations: if(
                      and(
                        fv!item[#"urn:appian:record-field:v1:6c3fef7d-77e0-454a-a6e6-3fbd78751e4e/4a87dcd6-40a3-425e-b49a-9c2a21194049"] &gt;= 0,
                        fv!item[#"urn:appian:record-field:v1:6c3fef7d-77e0-454a-a6e6-3fbd78751e4e/4a87dcd6-40a3-425e-b49a-9c2a21194049"] &lt;= 9999999999
                      ),
                      "",
                      #"_a-0000ea32-66e7-8000-9be7-011c48011c48_578271"[30]
                    ),
                    align: "RIGHT"
                  ),
                  #"SYSTEM_SYSRULES_dateField"(
                    value: fv!item[#"urn:appian:record-field:v1:6c3fef7d-77e0-454a-a6e6-3fbd78751e4e/7e1037ca-d05a-4279-8792-a8a6e873454a"],
                    saveInto: fv!item[#"urn:appian:record-field:v1:6c3fef7d-77e0-454a-a6e6-3fbd78751e4e/7e1037ca-d05a-4279-8792-a8a6e873454a"],
                    required: true(),
                    readOnly: local!IsEditBudget &lt;&gt; true(),
                    align: "RIGHT"
                  ),
                  #"SYSTEM_SYSRULES_dateField"(
                    value: fv!item[#"urn:appian:record-field:v1:6c3fef7d-77e0-454a-a6e6-3fbd78751e4e/62b5ecc3-5dc0-46e4-97d1-0f7e4d505f24"],
                    saveInto: fv!item[#"urn:appian:record-field:v1:6c3fef7d-77e0-454a-a6e6-3fbd78751e4e/62b5ecc3-5dc0-46e4-97d1-0f7e4d505f24"],
                    readOnly: local!IsEditBudget &lt;&gt; true(),
                    align: "RIGHT"
                  ),
                  #"SYSTEM_SYSRULES_floatingPointField"(
                    value: mround(fv!item[#"urn:appian:record-field:v1:6c3fef7d-77e0-454a-a6e6-3fbd78751e4e/8252de75-cc6a-4ac5-9d94-75d7c10f2e62"], 0.01),
                    readOnly: true(),
                    align: "RIGHT"
                  ),
                  #"SYSTEM_SYSRULES_richTextDisplayField"(
                    value: #"SYSTEM_SYSRULES_richTextIcon"(icon: "times", color: "NEGATIVE")
                  )
                },
                selectionDisabled: isnull(
                  fv!item[#"urn:appian:record-field:v1:6c3fef7d-77e0-454a-a6e6-3fbd78751e4e/a0ee4ee6-6177-4347-baa8-cbb09fedb777"]
                )
              ),
              #"SYSTEM_SYSRULES_gridRowLayout"(
                id: fv!item[#"urn:appian:record-field:v1:6c3fef7d-77e0-454a-a6e6-3fbd78751e4e/a0ee4ee6-6177-4347-baa8-cbb09fedb777"],
                contents: {
                  #"SYSTEM_SYSRULES_textField"(readOnly: true()),
                  #"SYSTEM_SYSRULES_textField"(readOnly: true()),
                  #"SYSTEM_SYSRULES_textField"(readOnly: true()),
                  #"SYSTEM_SYSRULES_textField"(readOnly: true()),
                  #"SYSTEM_SYSRULES_richTextDisplayField"(
                    value: {
                      #"SYSTEM_SYSRULES_richTextItem_v1"(
                        text: "Budget: "&amp;sum(
                          {
                            0,
                            index(
                              index(local!Level6Data,
                              wherecontains(
                                "Payment",
                                touniformstring(index(local!Level6Data, #"urn:appian:record-field:v1:6c3fef7d-77e0-454a-a6e6-3fbd78751e4e/9487c88e-4916-4c8b-8d8c-c104fb818c37", {}))
                              ),
                              {}
                              ),
                              #"urn:appian:record-field:v1:6c3fef7d-77e0-454a-a6e6-3fbd78751e4e/4a87dcd6-40a3-425e-b49a-9c2a21194049",
                              {}
                            )
                          }
                        ),
                        color: if(
                          sum(
                            {
                              0,
                              index(
                                index(local!Level6Data,
                                wherecontains(
                                  "Payment",
                                  touniformstring(index(local!Level6Data, #"urn:appian:record-field:v1:6c3fef7d-77e0-454a-a6e6-3fbd78751e4e/9487c88e-4916-4c8b-8d8c-c104fb818c37", {}))
                                ),
                                {}
                                ),
                                #"urn:appian:record-field:v1:6c3fef7d-77e0-454a-a6e6-3fbd78751e4e/4a87dcd6-40a3-425e-b49a-9c2a21194049",
                                {}
                              )
                            }
                          )=ri!SelectedLevel5Data[#"urn:appian:record-field:v1:6c3fef7d-77e0-454a-a6e6-3fbd78751e4e/4a87dcd6-40a3-425e-b49a-9c2a21194049"],
                          "",
                          "NEGATIVE"
                        ),
                        style: "STRONG",
                        showWhen: contains(
                          touniformstring(index(local!Level6Data, #"urn:appian:record-field:v1:6c3fef7d-77e0-454a-a6e6-3fbd78751e4e/9487c88e-4916-4c8b-8d8c-c104fb818c37", {})),
                          "Payment"
                        )
                      ),
                      if(
                        and(
                          contains(
                            touniformstring(index(local!Level6Data, #"urn:appian:record-field:v1:6c3fef7d-77e0-454a-a6e6-3fbd78751e4e/9487c88e-4916-4c8b-8d8c-c104fb818c37", {})),
                            "Payment"
                          ),
                          contains(
                            touniformstring(index(local!Level6Data, #"urn:appian:record-field:v1:6c3fef7d-77e0-454a-a6e6-3fbd78751e4e/9487c88e-4916-4c8b-8d8c-c104fb818c37", {})),
                            "Contract Phase"
                          )
                        ),
                        " / ",
                        ""
                      ),
                      #"SYSTEM_SYSRULES_richTextItem_v1"(
                        text: "Weight: "&amp;sum(
                          {
                            0,
                            index(
                              index(local!Level6Data,
                              wherecontains(
                                "Contract Phase",
                                touniformstring(index(local!Level6Data, #"urn:appian:record-field:v1:6c3fef7d-77e0-454a-a6e6-3fbd78751e4e/9487c88e-4916-4c8b-8d8c-c104fb818c37", {}))
                              ),
                              {}
                              ),
                              #"urn:appian:record-field:v1:6c3fef7d-77e0-454a-a6e6-3fbd78751e4e/4a87dcd6-40a3-425e-b49a-9c2a21194049",
                              {}
                            )
                          }
                        ),
                        color: if(
                          sum(
                            {
                              0,
                              index(
                                index(local!Level6Data,
                                wherecontains(
                                  "Contract Phase",
                                  touniformstring(index(local!Level6Data, #"urn:appian:record-field:v1:6c3fef7d-77e0-454a-a6e6-3fbd78751e4e/9487c88e-4916-4c8b-8d8c-c104fb818c37", {}))
                                ),
                                {}
                                ),
                                #"urn:appian:record-field:v1:6c3fef7d-77e0-454a-a6e6-3fbd78751e4e/4a87dcd6-40a3-425e-b49a-9c2a21194049",
                                {}
                              )
                            }
                          )=100,
                          "",
                          "NEGATIVE"
                        ),
                        style: "STRONG",
                        showWhen: contains(
                          touniformstring(index(local!Level6Data, #"urn:appian:record-field:v1:6c3fef7d-77e0-454a-a6e6-3fbd78751e4e/9487c88e-4916-4c8b-8d8c-c104fb818c37", {})),
                          "Contract Phase"
                        )
                      )
                    },
                    align: "RIGHT"
                  ),
                  #"SYSTEM_SYSRULES_textField"(readOnly: true()),
                  #"SYSTEM_SYSRULES_textField"(readOnly: true()),
                  #"SYSTEM_SYSRULES_richTextDisplayField"(
                    value: #"SYSTEM_SYSRULES_richTextItem_v1"(
                      text: sum(
                        {
                          0,
                          index(
                            local!Level6Data,
                            #"urn:appian:record-field:v1:6c3fef7d-77e0-454a-a6e6-3fbd78751e4e/8252de75-cc6a-4ac5-9d94-75d7c10f2e62",
                            {}
                          )
                        }
                      ),
                      color: if(
                        sum(
                          {
                            0,
                            index(
                              local!Level6Data,
                              #"urn:appian:record-field:v1:6c3fef7d-77e0-454a-a6e6-3fbd78751e4e/8252de75-cc6a-4ac5-9d94-75d7c10f2e62",
                              {}
                            )
                          }
                        ) = todecimal(100),
                        "",
                        "NEGATIVE"
                      ),
                      style: "STRONG"
                    ),
                    align: "RIGHT"
                  ),
                  #"SYSTEM_SYSRULES_richTextDisplayField"()               
                },
                showWhen: fv!isLast,
                selectionDisabled: true()
              )
            }
          ),
          selectionStyle: "ROW_HIGHLIGHT",
          addRowLink: #"SYSTEM_SYSRULES_dynamicLink"(
            label: #"_a-0000ea32-66e7-8000-9be7-011c48011c48_578271"[70],
            saveInto: {
              a!save(
                local!Level6Data,
                append(
                  local!Level6Data,
                  #"urn:appian:record-type:v1:6c3fef7d-77e0-454a-a6e6-3fbd78751e4e"(
                    #"urn:appian:record-field:v1:6c3fef7d-77e0-454a-a6e6-3fbd78751e4e/dc995d66-0ab5-424a-adb6-e89481dfc1ed": ri!SelectedLevel5Data[#"urn:appian:record-field:v1:6c3fef7d-77e0-454a-a6e6-3fbd78751e4e/a0ee4ee6-6177-4347-baa8-cbb09fedb777"],
                    #"urn:appian:record-field:v1:6c3fef7d-77e0-454a-a6e6-3fbd78751e4e/8e1e27e5-af5d-4579-85a4-15eeb3be449c": ri!SelectedLevel5Data[#"urn:appian:record-field:v1:6c3fef7d-77e0-454a-a6e6-3fbd78751e4e/8e1e27e5-af5d-4579-85a4-15eeb3be449c"] + 1,
                    #"urn:appian:record-field:v1:6c3fef7d-77e0-454a-a6e6-3fbd78751e4e/ddd5309f-1863-4af7-8066-a36a5a6a98d7": concat(
                      ri!SelectedLevel5Data[#"urn:appian:record-field:v1:6c3fef7d-77e0-454a-a6e6-3fbd78751e4e/ddd5309f-1863-4af7-8066-a36a5a6a98d7"],
                      ".",
                      count(local!Level6Data) + 1
                    ),
                    #"urn:appian:record-field:v1:6c3fef7d-77e0-454a-a6e6-3fbd78751e4e/b2fbdf5a-e166-4e82-85dc-8117fea6e396": #"_a-0000ea32-66e7-8000-9be7-011c48011c48_578271"[64],
                    #"urn:appian:record-field:v1:6c3fef7d-77e0-454a-a6e6-3fbd78751e4e/6df83b4b-ae56-46ed-b36c-eecfdd6e85f8": null,
                    #"urn:appian:record-field:v1:6c3fef7d-77e0-454a-a6e6-3fbd78751e4e/4a87dcd6-40a3-425e-b49a-9c2a21194049": 0,
                    #"urn:appian:record-field:v1:6c3fef7d-77e0-454a-a6e6-3fbd78751e4e/91389541-30c2-45d3-84c9-19dfc76881e9": 0,
                    #"urn:appian:record-field:v1:6c3fef7d-77e0-454a-a6e6-3fbd78751e4e/d9099139-1e33-4ead-8581-37e4391ac1aa": 0,
                    #"urn:appian:record-field:v1:6c3fef7d-77e0-454a-a6e6-3fbd78751e4e/8252de75-cc6a-4ac5-9d94-75d7c10f2e62": 0,
                    #"urn:appian:record-field:v1:6c3fef7d-77e0-454a-a6e6-3fbd78751e4e/2a957af8-bc94-4395-afea-67d717bea140": 0,
                    #"urn:appian:record-field:v1:6c3fef7d-77e0-454a-a6e6-3fbd78751e4e/dab6aaef-3e9b-4a65-b601-fe1083416dfc": loggedInUser(),
                    #"urn:appian:record-field:v1:6c3fef7d-77e0-454a-a6e6-3fbd78751e4e/497dd019-f9b0-44c7-b738-8722ed114f9d": now(),
                    #"urn:appian:record-field:v1:6c3fef7d-77e0-454a-a6e6-3fbd78751e4e/8ff7f45f-4b7e-4cb8-a3fb-90c7f495996c": loggedInUser(),
                    #"urn:appian:record-field:v1:6c3fef7d-77e0-454a-a6e6-3fbd78751e4e/4b996fd8-c25a-488d-8b5a-5812e42b6428": now()
                  )
                )
              )
            },
            showWhen: and(
              apply(
                a!isNotNullOrEmpty(_),
                index(
                  local!Level6Data,
                  #"urn:appian:record-field:v1:6c3fef7d-77e0-454a-a6e6-3fbd78751e4e/a0ee4ee6-6177-4347-baa8-cbb09fedb777",
                  null
                )
              ),
              local!IsEditBudget
            )
          ),
          shadeAlternateRows: true(),
          spacing: "DENSE",
          borderStyle: "LIGHT"
        ),
        #"SYSTEM_SYSRULES_sectionLayout_v1"(
          contents: #"SYSTEM_SYSRULES_ButtonLayout"(
            primaryButtons: {
              #"SYSTEM_SYSRULES_ButtonWidget"(
                label: #"_a-0000ea32-66e7-8000-9be7-011c48011c48_578271"[8],
                icon: "edit",
                saveInto: #"SYSTEM_SYSRULES_writeRecords"(
                  records: local!Level6Data,
                  onSuccess: a!save(local!Refresh, now())
                ),
                size: "SMALL",
                style: "PRIMARY",
                loadingIndicator: true(),
                showWhen: local!IsEditBudget = true(),
                validate: true()
              ),
              #"SYSTEM_SYSRULES_ButtonWidget"(
                label: #"_a-0000ea32-66e7-8000-9be7-011c48011c48_578271"[59],
                icon: "edit",
                value: true(),
                saveInto: local!IsEditBudget,
                size: "SMALL",
                style: "PRIMARY",
                loadingIndicator: true(),
                showWhen: local!IsEditBudget &lt;&gt; true()
              ),
              #"SYSTEM_SYSRULES_ButtonWidget"(
                label: #"_a-0000ea32-66e7-8000-9be7-011c48011c48_578271"[74],
                icon: "calculator",
                value: true(),
                saveInto: {
                  a!save(
                    local!EvalL4,
                    index(#"SYSTEM_SYSRULES_queryRecordType_v1"(
                      recordType: #"urn:appian:record-type:v1:6c3fef7d-77e0-454a-a6e6-3fbd78751e4e",
                      filters: #"SYSTEM_SYSRULES_queryFilter"(
                        field: #"urn:appian:record-field:v1:6c3fef7d-77e0-454a-a6e6-3fbd78751e4e/a0ee4ee6-6177-4347-baa8-cbb09fedb777",
                        operator: "=",
                        value: ri!SelectedLevel5Data[#"urn:appian:record-field:v1:6c3fef7d-77e0-454a-a6e6-3fbd78751e4e/dc995d66-0ab5-424a-adb6-e89481dfc1ed"]
                      ),
                      pagingInfo: #"SYSTEM_SYSRULES_pagingInfo"(
                        1,
                        1,
                        #"SYSTEM_SYSRULES_sortInfo"(
                          field: #"urn:appian:record-field:v1:6c3fef7d-77e0-454a-a6e6-3fbd78751e4e/a0ee4ee6-6177-4347-baa8-cbb09fedb777",
                          ascending: true()
                        )
                      )
                    ).data, 1, {})
                  ),
                  a!save(
                    local!EvalL5,
                    #"SYSTEM_SYSRULES_queryRecordType_v1"(
                      recordType: #"urn:appian:record-type:v1:6c3fef7d-77e0-454a-a6e6-3fbd78751e4e",
                      filters: #"SYSTEM_SYSRULES_queryFilter"(
                        field: #"urn:appian:record-field:v1:6c3fef7d-77e0-454a-a6e6-3fbd78751e4e/dc995d66-0ab5-424a-adb6-e89481dfc1ed",
                        operator: "=",
                        value: local!EvalL4[#"urn:appian:record-field:v1:6c3fef7d-77e0-454a-a6e6-3fbd78751e4e/a0ee4ee6-6177-4347-baa8-cbb09fedb777"]
                      ),
                      pagingInfo: #"SYSTEM_SYSRULES_pagingInfo"(
                        1,
                        100,
                        #"SYSTEM_SYSRULES_sortInfo"(
                          field: #"urn:appian:record-field:v1:6c3fef7d-77e0-454a-a6e6-3fbd78751e4e/a0ee4ee6-6177-4347-baa8-cbb09fedb777",
                          ascending: true()
                        )
                      )
                    ).data
                  ),
                  a!save(
                    local!EvalL6,
                    #"SYSTEM_SYSRULES_queryRecordType_v1"(
                      recordType: #"urn:appian:record-type:v1:6c3fef7d-77e0-454a-a6e6-3fbd78751e4e",
                      filters: #"SYSTEM_SYSRULES_queryFilter"(
                        field: #"urn:appian:record-field:v1:6c3fef7d-77e0-454a-a6e6-3fbd78751e4e/dc995d66-0ab5-424a-adb6-e89481dfc1ed",
                        operator: "in",
                        value: local!EvalL5[#"urn:appian:record-field:v1:6c3fef7d-77e0-454a-a6e6-3fbd78751e4e/a0ee4ee6-6177-4347-baa8-cbb09fedb777"]
                      ),
                      pagingInfo: #"SYSTEM_SYSRULES_pagingInfo"(
                        1,
                        1000,
                        #"SYSTEM_SYSRULES_sortInfo"(
                          field: #"urn:appian:record-field:v1:6c3fef7d-77e0-454a-a6e6-3fbd78751e4e/a0ee4ee6-6177-4347-baa8-cbb09fedb777",
                          ascending: true()
                        )
                      )
                    ).data
                  ),
                  #"SYSTEM_SYSRULES_forEach"(
                    items: enumerate(12),
                    expression: {
                      a!save(
                          local!EvalL4[
                            choose(
                              fv!index,
                              #"urn:appian:record-field:v1:6c3fef7d-77e0-454a-a6e6-3fbd78751e4e/4681c82c-1a6e-4742-ab13-695b6ebcffa3",
                              #"urn:appian:record-field:v1:6c3fef7d-77e0-454a-a6e6-3fbd78751e4e/60c0897c-f261-4c73-a268-6a68f661b4d4",
                              #"urn:appian:record-field:v1:6c3fef7d-77e0-454a-a6e6-3fbd78751e4e/61ada6e6-c281-4086-87c5-b625b5c97cef",
                              #"urn:appian:record-field:v1:6c3fef7d-77e0-454a-a6e6-3fbd78751e4e/f7d181d1-4907-4fa4-9877-80d9da248c26",
                              #"urn:appian:record-field:v1:6c3fef7d-77e0-454a-a6e6-3fbd78751e4e/e1c39549-c522-4e24-b80a-f5ed984299f8",
                              #"urn:appian:record-field:v1:6c3fef7d-77e0-454a-a6e6-3fbd78751e4e/18e459d9-44df-42d3-b4e9-b8778f23b7e1",
                              #"urn:appian:record-field:v1:6c3fef7d-77e0-454a-a6e6-3fbd78751e4e/f6ff84f9-ede8-4540-986c-9ce22d0c1c75",
                              #"urn:appian:record-field:v1:6c3fef7d-77e0-454a-a6e6-3fbd78751e4e/f1f5a5b5-e663-4279-a595-ac48b992f7da",
                              #"urn:appian:record-field:v1:6c3fef7d-77e0-454a-a6e6-3fbd78751e4e/07c7b8ea-cca8-4cb0-8ba7-a086a183cec4",
                              #"urn:appian:record-field:v1:6c3fef7d-77e0-454a-a6e6-3fbd78751e4e/f77f08c9-8bbd-42ca-8f78-f8cff914f85f",
                              #"urn:appian:record-field:v1:6c3fef7d-77e0-454a-a6e6-3fbd78751e4e/fe3c5058-8125-4eea-a9ca-d0669ab7ba67",
                              #"urn:appian:record-field:v1:6c3fef7d-77e0-454a-a6e6-3fbd78751e4e/f0312f2f-b384-4692-83b8-063ea679a710"
                            )
                          ],
                          sum(
                            {
                              0,
                              #"SYSTEM_SYSRULES_forEach"(
                                items: index(local!EvalL6, wherecontains(fv!index, tointeger(apply(text(_,"mm"), local!EvalL6[#"urn:appian:record-field:v1:6c3fef7d-77e0-454a-a6e6-3fbd78751e4e/7e1037ca-d05a-4279-8792-a8a6e873454a"]))), {}),
                                expression: (fv!item[#"urn:appian:record-field:v1:6c3fef7d-77e0-454a-a6e6-3fbd78751e4e/8252de75-cc6a-4ac5-9d94-75d7c10f2e62"]*
                                todecimal(index(index(
                                  index(local!EvalL5, #"urn:appian:record-field:v1:6c3fef7d-77e0-454a-a6e6-3fbd78751e4e/8252de75-cc6a-4ac5-9d94-75d7c10f2e62", {}),
                                  wherecontains(
                                    fv!item[#"urn:appian:record-field:v1:6c3fef7d-77e0-454a-a6e6-3fbd78751e4e/dc995d66-0ab5-424a-adb6-e89481dfc1ed"],
                                    local!EvalL5[#"urn:appian:record-field:v1:6c3fef7d-77e0-454a-a6e6-3fbd78751e4e/a0ee4ee6-6177-4347-baa8-cbb09fedb777"]
                                  ),
                                  {}
                                ),1,{})))/100
                              )
                            }
                          )
                      ),
                      a!save(
                        local!EvalL4[
                          choose(
                            fv!index,
                            #"urn:appian:record-field:v1:6c3fef7d-77e0-454a-a6e6-3fbd78751e4e/0bb924fc-1dd9-44f1-bb22-cca156e92a8b",
                            #"urn:appian:record-field:v1:6c3fef7d-77e0-454a-a6e6-3fbd78751e4e/6205578e-9342-4561-a89b-26964dc60def",
                            #"urn:appian:record-field:v1:6c3fef7d-77e0-454a-a6e6-3fbd78751e4e/e76f3c9d-6e35-4787-99c3-5be5bd9d825b",
                            #"urn:appian:record-field:v1:6c3fef7d-77e0-454a-a6e6-3fbd78751e4e/0a703153-17c5-4d14-819a-267342b223a7",
                            #"urn:appian:record-field:v1:6c3fef7d-77e0-454a-a6e6-3fbd78751e4e/755111eb-ba32-4008-a314-4d11749386d0",
                            #"urn:appian:record-field:v1:6c3fef7d-77e0-454a-a6e6-3fbd78751e4e/94c6bec5-7934-4655-bb0f-43eff1eb45c3",
                            #"urn:appian:record-field:v1:6c3fef7d-77e0-454a-a6e6-3fbd78751e4e/2e85dbd9-8ec2-4b01-9dc0-f09e44deb25f",
                            #"urn:appian:record-field:v1:6c3fef7d-77e0-454a-a6e6-3fbd78751e4e/365e9439-d8e0-4690-ac18-f4bde1ec1b7b",
                            #"urn:appian:record-field:v1:6c3fef7d-77e0-454a-a6e6-3fbd78751e4e/3c34fcc1-f8ac-40b0-a40c-d6b72275bcfd",
                            #"urn:appian:record-field:v1:6c3fef7d-77e0-454a-a6e6-3fbd78751e4e/d375ffdd-9b66-430b-8fee-fab7c87679bb",
                            #"urn:appian:record-field:v1:6c3fef7d-77e0-454a-a6e6-3fbd78751e4e/ed7e89db-797f-4fcb-a608-fe331da67206",
                            #"urn:appian:record-field:v1:6c3fef7d-77e0-454a-a6e6-3fbd78751e4e/f5d27980-ae87-41fd-a45c-1e1f81ef0fd1"
                          )
                        ],
                        sum(
                          {
                            0,
                            #"SYSTEM_SYSRULES_forEach"(
                              items: index(local!EvalL6, wherecontains(fv!index, #"SYSTEM_SYSRULES_forEach"(
                                items: local!EvalL6[#"urn:appian:record-field:v1:6c3fef7d-77e0-454a-a6e6-3fbd78751e4e/62b5ecc3-5dc0-46e4-97d1-0f7e4d505f24"],
                                expression: if(
                                  a!isNullOrEmpty(fv!item),
                                  0,
                                  tointeger(text(local!EvalL6[#"urn:appian:record-field:v1:6c3fef7d-77e0-454a-a6e6-3fbd78751e4e/62b5ecc3-5dc0-46e4-97d1-0f7e4d505f24"],"mm"))
                                )
                              )), {}),
                              expression: (fv!item[#"urn:appian:record-field:v1:6c3fef7d-77e0-454a-a6e6-3fbd78751e4e/8252de75-cc6a-4ac5-9d94-75d7c10f2e62"]*
                              todecimal(index(index(
                                index(local!EvalL5, #"urn:appian:record-field:v1:6c3fef7d-77e0-454a-a6e6-3fbd78751e4e/8252de75-cc6a-4ac5-9d94-75d7c10f2e62", {}),
                                wherecontains(
                                  fv!item[#"urn:appian:record-field:v1:6c3fef7d-77e0-454a-a6e6-3fbd78751e4e/dc995d66-0ab5-424a-adb6-e89481dfc1ed"],
                                  local!EvalL5[#"urn:appian:record-field:v1:6c3fef7d-77e0-454a-a6e6-3fbd78751e4e/a0ee4ee6-6177-4347-baa8-cbb09fedb777"]
                                ),
                                {}
                              ),1,{})))/100
                            )
                          }
                        )
                      )
                    }
                  ),
                  #"SYSTEM_SYSRULES_writeRecords"(
                    records: local!EvalL4,
                    onSuccess: {
                      a!save(local!Refresh, now()),
                      a!save(ri!RefreshL4, now())
                    }
                  )
                },
                size: "SMALL",
                style: "PRIMARY",
                loadingIndicator: true(),
                showWhen: local!IsEditBudget &lt;&gt; true()
              )
            },
            secondaryButtons: #"SYSTEM_SYSRULES_ButtonWidget"(
              label: #"_a-0000ea32-66e7-8000-9be7-011c48011c48_578271"[9],
              icon: "times",
              saveInto: a!save(local!Refresh, now()),
              size: "SMALL",
              style: "DESTRUCTIVE",
              loadingIndicator: true(),
              showWhen: local!IsEditBudget = true()
            )
          ),
          divider: "ABOVE",
          marginBelow: "NONE"
        )
      },
      style: "#428CD0",
      shape: "ROUNDED",
      isCollapsible: true(),
      showBorder: false(),
      showShadow: true()
    )
  }
)</definition>
        <namedTypedValue>
            <name>SelectedLevel5Data</name>
            <type>
                <name>6c3fef7d-77e0-454a-a6e6-3fbd78751e4e</name>
                <namespace>urn:com:appian:recordtype:datatype</namespace>
            </type>
        </namedTypedValue>
        <namedTypedValue>
            <name>PreviousLabel</name>
            <type>
                <name>string</name>
                <namespace>http://www.w3.org/2001/XMLSchema</namespace>
            </type>
            <value/>
        </namedTypedValue>
        <namedTypedValue>
            <name>RefreshL4</name>
            <type>
                <name>dateTime</name>
                <namespace>http://www.w3.org/2001/XMLSchema</namespace>
            </type>
        </namedTypedValue>
        <preferredEditor>interface</preferredEditor>
        <offlineEnabled>false</offlineEnabled>
        <isCustom>false</isCustom>
    </interface>
    <roleMap public="true">
        <role inherit="true" allowForAll="false" name="readers">
            <users/>
            <groups/>
        </role>
        <role inherit="true" allowForAll="false" name="authors">
            <users/>
            <groups/>
        </role>
        <role inherit="true" allowForAll="false" name="administrators">
            <users/>
            <groups/>
        </role>
        <role inherit="false" allowForAll="false" name="denyReaders">
            <users/>
            <groups/>
        </role>
        <role inherit="false" allowForAll="false" name="denyAuthors">
            <users/>
            <groups/>
        </role>
        <role inherit="false" allowForAll="false" name="denyAdministrators">
            <users/>
            <groups/>
        </role>
    </roleMap>
    <typedValue>
        <type>
            <name>RuleTestConfig?list</name>
            <namespace>http://www.appian.com/ae/types/2009</namespace>
        </type>
        <value>
            <el>
                <a:name/>
                <a:ruleInputTestConfigs>
                    <a:value xmlns:xsi="http://www.w3.org/2001/XMLSchema-instance" xsi:type="a:Expression">#"SYSTEM_SYSRULES_queryRecordType_v1"(
  recordType: #"urn:appian:record-type:v1:6c3fef7d-77e0-454a-a6e6-3fbd78751e4e",
  filters: {
    #"SYSTEM_SYSRULES_queryFilter"(
      field: #"urn:appian:record-field:v1:6c3fef7d-77e0-454a-a6e6-3fbd78751e4e/8e1e27e5-af5d-4579-85a4-15eeb3be449c",
      operator: "=",
      value: 5
    )
  },
  pagingInfo: #"SYSTEM_SYSRULES_pagingInfo"(
    1,
    1,
    #"SYSTEM_SYSRULES_sortInfo"(
      field: #"urn:appian:record-field:v1:6c3fef7d-77e0-454a-a6e6-3fbd78751e4e/a0ee4ee6-6177-4347-baa8-cbb09fedb777",
      ascending: true()
    )
  )
).data</a:value>
                    <a:nameRef>SelectedLevel5Data</a:nameRef>
                    <a:id>1</a:id>
                </a:ruleInputTestConfigs>
                <a:ruleInputTestConfigs>
                    <a:value xmlns:xsd="http://www.w3.org/2001/XMLSchema" xmlns:xsi="http://www.w3.org/2001/XMLSchema-instance" xsi:type="xsd:string"/>
                    <a:nameRef>PreviousLabel</a:nameRef>
                    <a:id>2</a:id>
                </a:ruleInputTestConfigs>
                <a:ruleInputTestConfigs>
                    <a:value xmlns:xsd="http://www.w3.org/2001/XMLSchema" xmlns:xsi="http://www.w3.org/2001/XMLSchema-instance" xsi:nil="true" xsi:type="xsd:dateTime"/>
                    <a:nameRef>RefreshL4</a:nameRef>
                    <a:id>3</a:id>
                </a:ruleInputTestConfigs>
                <a:assertions xmlns:xsi="http://www.w3.org/2001/XMLSchema-instance" xsi:nil="true"/>
            </el>
        </value>
    </typedValue>
    <history>
        <historyInfo versionUuid="_a-0000ea32-66e7-8000-9be7-011c48011c48_578122"/>
        <historyInfo versionUuid="_a-0000ea32-66e7-8000-9be7-011c48011c48_578585"/>
        <historyInfo versionUuid="_a-0000ea32-66e7-8000-9be7-011c48011c48_583495"/>
    </history>
</contentHaul>
