<?xml version="1.0" encoding="UTF-8"?>
<recordTypeHaul xmlns:a="http://www.appian.com/ae/types/2009" xmlns:xsi="http://www.w3.org/2001/XMLSchema-instance">
  <versionUuid>82821b2d-0fe9-4834-a9da-0c423d603f3b</versionUuid>
  <recordType a:uuid="6c3fef7d-77e0-454a-a6e6-3fbd78751e4e" name="AOP Level Data">
    <a:pluralName>AOP Level Data</a:pluralName>
    <a:description/>
    <a:urlStub>OoaNdw</a:urlStub>
    <a:source xsi:type="a:RecordsReplica"/>
    <a:listViewTemplateExpr>#"SYSTEM_SYSRULES_recordGridField"(
  columns: {
    #"SYSTEM_SYSRULES_gridColumn"(
      label: "Id",
      sortField: 'recordType!{6c3fef7d-77e0-454a-a6e6-3fbd78751e4e}AOP Level Data.fields.{a0ee4ee6-6177-4347-baa8-cbb09fedb777}Id',
      value: fv!row['recordType!{6c3fef7d-77e0-454a-a6e6-3fbd78751e4e}AOP Level Data.fields.{a0ee4ee6-6177-4347-baa8-cbb09fedb777}Id'],
      align: "END"
    ),
    #"SYSTEM_SYSRULES_gridColumn"(
      label: "Parent Id",
      sortField: 'recordType!{6c3fef7d-77e0-454a-a6e6-3fbd78751e4e}AOP Level Data.fields.{dc995d66-0ab5-424a-adb6-e89481dfc1ed}ParentId',
      value: #"SYSTEM_SYSRULES_linkField"(
        links: {
          #"SYSTEM_SYSRULES_recordLink"(
            label: fv!row['recordType!{6c3fef7d-77e0-454a-a6e6-3fbd78751e4e}AOP Level Data.fields.{dc995d66-0ab5-424a-adb6-e89481dfc1ed}ParentId'],
            recordType: #"urn:appian:record-type:v1:6c3fef7d-77e0-454a-a6e6-3fbd78751e4e",
            identifier: fv!identifier
          )
        }
      ),
      align: "END"
    ),
    #"SYSTEM_SYSRULES_gridColumn"(
      label: "Level",
      sortField: 'recordType!{6c3fef7d-77e0-454a-a6e6-3fbd78751e4e}AOP Level Data.fields.{8e1e27e5-af5d-4579-85a4-15eeb3be449c}Level',
      value: fv!row['recordType!{6c3fef7d-77e0-454a-a6e6-3fbd78751e4e}AOP Level Data.fields.{8e1e27e5-af5d-4579-85a4-15eeb3be449c}Level'],
      align: "END"
    ),
    #"SYSTEM_SYSRULES_gridColumn"(
      label: "Level Id",
      sortField: 'recordType!{6c3fef7d-77e0-454a-a6e6-3fbd78751e4e}AOP Level Data.fields.{ddd5309f-1863-4af7-8066-a36a5a6a98d7}LevelId',
      value: fv!row['recordType!{6c3fef7d-77e0-454a-a6e6-3fbd78751e4e}AOP Level Data.fields.{ddd5309f-1863-4af7-8066-a36a5a6a98d7}LevelId']
    ),
    #"SYSTEM_SYSRULES_gridColumn"(
      label: "Level Name",
      sortField: 'recordType!{6c3fef7d-77e0-454a-a6e6-3fbd78751e4e}AOP Level Data.fields.{b2fbdf5a-e166-4e82-85dc-8117fea6e396}LevelName',
      value: fv!row['recordType!{6c3fef7d-77e0-454a-a6e6-3fbd78751e4e}AOP Level Data.fields.{b2fbdf5a-e166-4e82-85dc-8117fea6e396}LevelName']
    ),
    #"SYSTEM_SYSRULES_gridColumn"(
      label: "Description",
      sortField: 'recordType!{6c3fef7d-77e0-454a-a6e6-3fbd78751e4e}AOP Level Data.fields.{6df83b4b-ae56-46ed-b36c-eecfdd6e85f8}Description',
      value: fv!row['recordType!{6c3fef7d-77e0-454a-a6e6-3fbd78751e4e}AOP Level Data.fields.{6df83b4b-ae56-46ed-b36c-eecfdd6e85f8}Description']
    ),
    #"SYSTEM_SYSRULES_gridColumn"(
      label: "Created By User",
      sortField: 'recordType!{6c3fef7d-77e0-454a-a6e6-3fbd78751e4e}.relationships.{b2ecc236-46f8-4559-8cc9-c1376edbf066}.fields.{SYSTEM_RECORD_TYPE_USER_FIELD_username}',
      value: fv!row['recordType!{6c3fef7d-77e0-454a-a6e6-3fbd78751e4e}.relationships.{b2ecc236-46f8-4559-8cc9-c1376edbf066}.fields.{SYSTEM_RECORD_TYPE_USER_FIELD_username}']
    ),
    #"SYSTEM_SYSRULES_gridColumn"(
      label: "Created On",
      sortField: 'recordType!{6c3fef7d-77e0-454a-a6e6-3fbd78751e4e}AOP Level Data.fields.{497dd019-f9b0-44c7-b738-8722ed114f9d}CreatedOn',
      value: if(
      isnull(fv!row['recordType!{6c3fef7d-77e0-454a-a6e6-3fbd78751e4e}AOP Level Data.fields.{497dd019-f9b0-44c7-b738-8722ed114f9d}CreatedOn']),
      fv!row['recordType!{6c3fef7d-77e0-454a-a6e6-3fbd78751e4e}AOP Level Data.fields.{497dd019-f9b0-44c7-b738-8722ed114f9d}CreatedOn'],
      datetext(fv!row['recordType!{6c3fef7d-77e0-454a-a6e6-3fbd78751e4e}AOP Level Data.fields.{497dd019-f9b0-44c7-b738-8722ed114f9d}CreatedOn'], "default")
      ),
      align: "END"
    ),
    #"SYSTEM_SYSRULES_gridColumn"(
      label: "Modified By User",
      sortField: 'recordType!{6c3fef7d-77e0-454a-a6e6-3fbd78751e4e}.relationships.{99e34f58-a295-4099-9efa-9820cfca50af}.fields.{SYSTEM_RECORD_TYPE_USER_FIELD_username}',
      value: fv!row['recordType!{6c3fef7d-77e0-454a-a6e6-3fbd78751e4e}.relationships.{99e34f58-a295-4099-9efa-9820cfca50af}.fields.{SYSTEM_RECORD_TYPE_USER_FIELD_username}']
    ),
    #"SYSTEM_SYSRULES_gridColumn"(
      label: "Modified On",
      sortField: 'recordType!{6c3fef7d-77e0-454a-a6e6-3fbd78751e4e}AOP Level Data.fields.{4b996fd8-c25a-488d-8b5a-5812e42b6428}ModifiedOn',
      value: if(
      isnull(fv!row['recordType!{6c3fef7d-77e0-454a-a6e6-3fbd78751e4e}AOP Level Data.fields.{4b996fd8-c25a-488d-8b5a-5812e42b6428}ModifiedOn']),
      fv!row['recordType!{6c3fef7d-77e0-454a-a6e6-3fbd78751e4e}AOP Level Data.fields.{4b996fd8-c25a-488d-8b5a-5812e42b6428}ModifiedOn'],
      datetext(fv!row['recordType!{6c3fef7d-77e0-454a-a6e6-3fbd78751e4e}AOP Level Data.fields.{4b996fd8-c25a-488d-8b5a-5812e42b6428}ModifiedOn'], "default")
      ),
      align: "END"
    )
  },
  pageSize: 50,
  shadeAlternateRows: true
)</a:listViewTemplateExpr>
    <a:detailViewCfg>
      <a:nameExpr>#"SYSTEM_SYSRULES_rtd_getDefaultSummaryViewName"()</a:nameExpr>
      <a:uiExpr/>
      <a:visibilityExpr>=true()</a:visibilityExpr>
      <a:urlStub>summary</a:urlStub>
      <a:headerExpr/>
      <a:recordActionLaunchType>DIALOG</a:recordActionLaunchType>
      <a:recordUiSecurityType>EXPRESSION</a:recordUiSecurityType>
    </a:detailViewCfg>
    <a:isSystem>false</a:isSystem>
    <a:dataSrcExpr/>
    <a:facetsListExpr/>
    <a:titleExpr>rv!record[#"urn:appian:record-field:v1:6c3fef7d-77e0-454a-a6e6-3fbd78751e4e/ddd5309f-1863-4af7-8066-a36a5a6a98d7"]</a:titleExpr>
    <a:defaultFiltersExpr/>
    <a:layoutType>GRID</a:layoutType>
    <a:security>16383</a:security>
    <a:hideLatestNews>false</a:hideLatestNews>
    <a:hideNewsView>false</a:hideNewsView>
    <a:hideRelatedActionsView>false</a:hideRelatedActionsView>
    <a:isExportable>true</a:isExportable>
    <a:listViewSrcExpr/>
    <a:recordViewSrcExpr/>
    <a:recordRelationshipCfg>
      <uuid>b2ecc236-46f8-4559-8cc9-c1376edbf066</uuid>
      <relationshipName>CreatedByUser</relationshipName>
      <targetRecordTypeUuid>SYSTEM_RECORD_TYPE_USER</targetRecordTypeUuid>
      <relationshipType>MANY_TO_ONE</relationshipType>
      <relationshipData>{"sourceRecordTypeFieldUuid":"dab6aaef-3e9b-4a65-b601-fe1083416dfc","targetRecordTypeFieldUuid":"SYSTEM_RECORD_TYPE_USER_FIELD_username","relationshipOperator":"1","joinTableSourceField":"","joinTableTargetField":""}</relationshipData>
      <updateBehavior>NON_CASCADING</updateBehavior>
    </a:recordRelationshipCfg>
    <a:recordRelationshipCfg>
      <uuid>99e34f58-a295-4099-9efa-9820cfca50af</uuid>
      <relationshipName>ModifiedByUser</relationshipName>
      <targetRecordTypeUuid>SYSTEM_RECORD_TYPE_USER</targetRecordTypeUuid>
      <relationshipType>MANY_TO_ONE</relationshipType>
      <relationshipData>{"sourceRecordTypeFieldUuid":"8ff7f45f-4b7e-4cb8-a3fb-90c7f495996c","targetRecordTypeFieldUuid":"SYSTEM_RECORD_TYPE_USER_FIELD_username","relationshipOperator":"1","joinTableSourceField":"","joinTableTargetField":""}</relationshipData>
      <updateBehavior>NON_CASCADING</updateBehavior>
    </a:recordRelationshipCfg>
    <a:recordTypeSearchCfg>
      <searchFieldsSrc>DEFAULT</searchFieldsSrc>
      <placeholderSrc>DEFAULT</placeholderSrc>
      <placeholder/>
    </a:recordTypeSearchCfg>
    <a:iconId/>
    <a:listAutoRefreshInterval>0.0</a:listAutoRefreshInterval>
    <a:sourceConfiguration>
      <sourceUuid>AOP_LEVEL_DATA@jdbc/Appian</sourceUuid>
      <sourceType>RDBMS_TABLE</sourceType>
      <friendlyName>AOP_LEVEL_DATA</friendlyName>
      <sourceFilterExpr/>
      <field>
        <uuid>a0ee4ee6-6177-4347-baa8-cbb09fedb777</uuid>
        <type>{http://www.appian.com/ae/types/2009}Integer</type>
        <sourceFieldName>ID</sourceFieldName>
        <sourceFieldType>INTEGER</sourceFieldType>
        <fieldName>Id</fieldName>
        <isRecordId>true</isRecordId>
        <isUnique>true</isUnique>
        <isCustomField>false</isCustomField>
        <customFieldExpr/>
        <fieldCalculationType>NA</fieldCalculationType>
        <fieldTemplateType>NA</fieldTemplateType>
      </field>
      <field>
        <uuid>dc995d66-0ab5-424a-adb6-e89481dfc1ed</uuid>
        <type>{http://www.appian.com/ae/types/2009}Integer</type>
        <sourceFieldName>PARENT_ID</sourceFieldName>
        <sourceFieldType>INTEGER</sourceFieldType>
        <fieldName>ParentId</fieldName>
        <isRecordId>false</isRecordId>
        <isUnique>false</isUnique>
        <isCustomField>false</isCustomField>
        <customFieldExpr/>
        <fieldCalculationType>NA</fieldCalculationType>
        <fieldTemplateType>NA</fieldTemplateType>
      </field>
      <field>
        <uuid>8e1e27e5-af5d-4579-85a4-15eeb3be449c</uuid>
        <type>{http://www.appian.com/ae/types/2009}Integer</type>
        <sourceFieldName>LEVEL</sourceFieldName>
        <sourceFieldType>INTEGER</sourceFieldType>
        <fieldName>Level</fieldName>
        <isRecordId>false</isRecordId>
        <isUnique>false</isUnique>
        <isCustomField>false</isCustomField>
        <customFieldExpr/>
        <fieldCalculationType>NA</fieldCalculationType>
        <fieldTemplateType>NA</fieldTemplateType>
      </field>
      <field>
        <uuid>ddd5309f-1863-4af7-8066-a36a5a6a98d7</uuid>
        <type>{http://www.appian.com/ae/types/2009}Text</type>
        <sourceFieldName>LEVEL_ID</sourceFieldName>
        <sourceFieldType>VARCHAR(255)</sourceFieldType>
        <fieldName>LevelId</fieldName>
        <isRecordId>false</isRecordId>
        <isUnique>false</isUnique>
        <isCustomField>false</isCustomField>
        <customFieldExpr/>
        <fieldCalculationType>NA</fieldCalculationType>
        <fieldTemplateType>NA</fieldTemplateType>
      </field>
      <field>
        <uuid>b2fbdf5a-e166-4e82-85dc-8117fea6e396</uuid>
        <type>{http://www.appian.com/ae/types/2009}Text</type>
        <sourceFieldName>LEVEL_NAME</sourceFieldName>
        <sourceFieldType>VARCHAR(255)</sourceFieldType>
        <fieldName>LevelName</fieldName>
        <isRecordId>false</isRecordId>
        <isUnique>false</isUnique>
        <isCustomField>false</isCustomField>
        <customFieldExpr/>
        <fieldCalculationType>NA</fieldCalculationType>
        <fieldTemplateType>NA</fieldTemplateType>
      </field>
      <field>
        <uuid>6df83b4b-ae56-46ed-b36c-eecfdd6e85f8</uuid>
        <type>{http://www.appian.com/ae/types/2009}Text</type>
        <sourceFieldName>DESCRIPTION</sourceFieldName>
        <sourceFieldType>VARCHAR(255)</sourceFieldType>
        <fieldName>Description</fieldName>
        <isRecordId>false</isRecordId>
        <isUnique>false</isUnique>
        <isCustomField>false</isCustomField>
        <customFieldExpr/>
        <fieldCalculationType>NA</fieldCalculationType>
        <fieldTemplateType>NA</fieldTemplateType>
      </field>
      <field>
        <uuid>9487c88e-4916-4c8b-8d8c-c104fb818c37</uuid>
        <type>{http://www.appian.com/ae/types/2009}Text</type>
        <sourceFieldName>ACTIVITY_TYPE</sourceFieldName>
        <sourceFieldType>VARCHAR(255)</sourceFieldType>
        <fieldName>ActivityType</fieldName>
        <isRecordId>false</isRecordId>
        <isUnique>false</isUnique>
        <isCustomField>false</isCustomField>
        <customFieldExpr/>
        <fieldCalculationType>NA</fieldCalculationType>
        <fieldTemplateType>NA</fieldTemplateType>
      </field>
      <field>
        <uuid>4a87dcd6-40a3-425e-b49a-9c2a21194049</uuid>
        <type>{http://www.appian.com/ae/types/2009}Decimal</type>
        <sourceFieldName>BUDGET</sourceFieldName>
        <sourceFieldType>REAL</sourceFieldType>
        <fieldName>Budget</fieldName>
        <isRecordId>false</isRecordId>
        <isUnique>false</isUnique>
        <isCustomField>false</isCustomField>
        <customFieldExpr/>
        <fieldCalculationType>NA</fieldCalculationType>
        <fieldTemplateType>NA</fieldTemplateType>
      </field>
      <field>
        <uuid>91389541-30c2-45d3-84c9-19dfc76881e9</uuid>
        <type>{http://www.appian.com/ae/types/2009}Decimal</type>
        <sourceFieldName>P65</sourceFieldName>
        <sourceFieldType>REAL</sourceFieldType>
        <fieldName>P65</fieldName>
        <isRecordId>false</isRecordId>
        <isUnique>false</isUnique>
        <isCustomField>false</isCustomField>
        <customFieldExpr/>
        <fieldCalculationType>NA</fieldCalculationType>
        <fieldTemplateType>NA</fieldTemplateType>
      </field>
      <field>
        <uuid>d9099139-1e33-4ead-8581-37e4391ac1aa</uuid>
        <type>{http://www.appian.com/ae/types/2009}Decimal</type>
        <sourceFieldName>P35</sourceFieldName>
        <sourceFieldType>REAL</sourceFieldType>
        <fieldName>P35</fieldName>
        <isRecordId>false</isRecordId>
        <isUnique>false</isUnique>
        <isCustomField>false</isCustomField>
        <customFieldExpr/>
        <fieldCalculationType>NA</fieldCalculationType>
        <fieldTemplateType>NA</fieldTemplateType>
      </field>
      <field>
        <uuid>8252de75-cc6a-4ac5-9d94-75d7c10f2e62</uuid>
        <type>{http://www.appian.com/ae/types/2009}Decimal</type>
        <sourceFieldName>PERCENTAGE</sourceFieldName>
        <sourceFieldType>REAL</sourceFieldType>
        <fieldName>Percentage</fieldName>
        <isRecordId>false</isRecordId>
        <isUnique>false</isUnique>
        <isCustomField>false</isCustomField>
        <customFieldExpr/>
        <fieldCalculationType>NA</fieldCalculationType>
        <fieldTemplateType>NA</fieldTemplateType>
      </field>
      <field>
        <uuid>2a957af8-bc94-4395-afea-67d717bea140</uuid>
        <type>{http://www.appian.com/ae/types/2009}Decimal</type>
        <sourceFieldName>WEIGHT</sourceFieldName>
        <sourceFieldType>REAL</sourceFieldType>
        <fieldName>Weight</fieldName>
        <isRecordId>false</isRecordId>
        <isUnique>false</isUnique>
        <isCustomField>false</isCustomField>
        <customFieldExpr/>
        <fieldCalculationType>NA</fieldCalculationType>
        <fieldTemplateType>NA</fieldTemplateType>
      </field>
      <field>
        <uuid>4681c82c-1a6e-4742-ab13-695b6ebcffa3</uuid>
        <type>{http://www.appian.com/ae/types/2009}Decimal</type>
        <sourceFieldName>P1</sourceFieldName>
        <sourceFieldType>REAL</sourceFieldType>
        <fieldName>P1</fieldName>
        <isRecordId>false</isRecordId>
        <isUnique>false</isUnique>
        <isCustomField>false</isCustomField>
        <customFieldExpr/>
        <fieldCalculationType>NA</fieldCalculationType>
        <fieldTemplateType>NA</fieldTemplateType>
      </field>
      <field>
        <uuid>60c0897c-f261-4c73-a268-6a68f661b4d4</uuid>
        <type>{http://www.appian.com/ae/types/2009}Decimal</type>
        <sourceFieldName>P2</sourceFieldName>
        <sourceFieldType>REAL</sourceFieldType>
        <fieldName>P2</fieldName>
        <isRecordId>false</isRecordId>
        <isUnique>false</isUnique>
        <isCustomField>false</isCustomField>
        <customFieldExpr/>
        <fieldCalculationType>NA</fieldCalculationType>
        <fieldTemplateType>NA</fieldTemplateType>
      </field>
      <field>
        <uuid>61ada6e6-c281-4086-87c5-b625b5c97cef</uuid>
        <type>{http://www.appian.com/ae/types/2009}Decimal</type>
        <sourceFieldName>P3</sourceFieldName>
        <sourceFieldType>REAL</sourceFieldType>
        <fieldName>P3</fieldName>
        <isRecordId>false</isRecordId>
        <isUnique>false</isUnique>
        <isCustomField>false</isCustomField>
        <customFieldExpr/>
        <fieldCalculationType>NA</fieldCalculationType>
        <fieldTemplateType>NA</fieldTemplateType>
      </field>
      <field>
        <uuid>f7d181d1-4907-4fa4-9877-80d9da248c26</uuid>
        <type>{http://www.appian.com/ae/types/2009}Decimal</type>
        <sourceFieldName>P4</sourceFieldName>
        <sourceFieldType>REAL</sourceFieldType>
        <fieldName>P4</fieldName>
        <isRecordId>false</isRecordId>
        <isUnique>false</isUnique>
        <isCustomField>false</isCustomField>
        <customFieldExpr/>
        <fieldCalculationType>NA</fieldCalculationType>
        <fieldTemplateType>NA</fieldTemplateType>
      </field>
      <field>
        <uuid>e1c39549-c522-4e24-b80a-f5ed984299f8</uuid>
        <type>{http://www.appian.com/ae/types/2009}Decimal</type>
        <sourceFieldName>P5</sourceFieldName>
        <sourceFieldType>REAL</sourceFieldType>
        <fieldName>P5</fieldName>
        <isRecordId>false</isRecordId>
        <isUnique>false</isUnique>
        <isCustomField>false</isCustomField>
        <customFieldExpr/>
        <fieldCalculationType>NA</fieldCalculationType>
        <fieldTemplateType>NA</fieldTemplateType>
      </field>
      <field>
        <uuid>18e459d9-44df-42d3-b4e9-b8778f23b7e1</uuid>
        <type>{http://www.appian.com/ae/types/2009}Decimal</type>
        <sourceFieldName>P6</sourceFieldName>
        <sourceFieldType>REAL</sourceFieldType>
        <fieldName>P6</fieldName>
        <isRecordId>false</isRecordId>
        <isUnique>false</isUnique>
        <isCustomField>false</isCustomField>
        <customFieldExpr/>
        <fieldCalculationType>NA</fieldCalculationType>
        <fieldTemplateType>NA</fieldTemplateType>
      </field>
      <field>
        <uuid>f6ff84f9-ede8-4540-986c-9ce22d0c1c75</uuid>
        <type>{http://www.appian.com/ae/types/2009}Decimal</type>
        <sourceFieldName>P7</sourceFieldName>
        <sourceFieldType>REAL</sourceFieldType>
        <fieldName>P7</fieldName>
        <isRecordId>false</isRecordId>
        <isUnique>false</isUnique>
        <isCustomField>false</isCustomField>
        <customFieldExpr/>
        <fieldCalculationType>NA</fieldCalculationType>
        <fieldTemplateType>NA</fieldTemplateType>
      </field>
      <field>
        <uuid>f1f5a5b5-e663-4279-a595-ac48b992f7da</uuid>
        <type>{http://www.appian.com/ae/types/2009}Decimal</type>
        <sourceFieldName>P8</sourceFieldName>
        <sourceFieldType>REAL</sourceFieldType>
        <fieldName>P8</fieldName>
        <isRecordId>false</isRecordId>
        <isUnique>false</isUnique>
        <isCustomField>false</isCustomField>
        <customFieldExpr/>
        <fieldCalculationType>NA</fieldCalculationType>
        <fieldTemplateType>NA</fieldTemplateType>
      </field>
      <field>
        <uuid>07c7b8ea-cca8-4cb0-8ba7-a086a183cec4</uuid>
        <type>{http://www.appian.com/ae/types/2009}Decimal</type>
        <sourceFieldName>P9</sourceFieldName>
        <sourceFieldType>REAL</sourceFieldType>
        <fieldName>P9</fieldName>
        <isRecordId>false</isRecordId>
        <isUnique>false</isUnique>
        <isCustomField>false</isCustomField>
        <customFieldExpr/>
        <fieldCalculationType>NA</fieldCalculationType>
        <fieldTemplateType>NA</fieldTemplateType>
      </field>
      <field>
        <uuid>f77f08c9-8bbd-42ca-8f78-f8cff914f85f</uuid>
        <type>{http://www.appian.com/ae/types/2009}Decimal</type>
        <sourceFieldName>P10</sourceFieldName>
        <sourceFieldType>REAL</sourceFieldType>
        <fieldName>P10</fieldName>
        <isRecordId>false</isRecordId>
        <isUnique>false</isUnique>
        <isCustomField>false</isCustomField>
        <customFieldExpr/>
        <fieldCalculationType>NA</fieldCalculationType>
        <fieldTemplateType>NA</fieldTemplateType>
      </field>
      <field>
        <uuid>fe3c5058-8125-4eea-a9ca-d0669ab7ba67</uuid>
        <type>{http://www.appian.com/ae/types/2009}Decimal</type>
        <sourceFieldName>P11</sourceFieldName>
        <sourceFieldType>REAL</sourceFieldType>
        <fieldName>P11</fieldName>
        <isRecordId>false</isRecordId>
        <isUnique>false</isUnique>
        <isCustomField>false</isCustomField>
        <customFieldExpr/>
        <fieldCalculationType>NA</fieldCalculationType>
        <fieldTemplateType>NA</fieldTemplateType>
      </field>
      <field>
        <uuid>f0312f2f-b384-4692-83b8-063ea679a710</uuid>
        <type>{http://www.appian.com/ae/types/2009}Decimal</type>
        <sourceFieldName>P12</sourceFieldName>
        <sourceFieldType>REAL</sourceFieldType>
        <fieldName>P12</fieldName>
        <isRecordId>false</isRecordId>
        <isUnique>false</isUnique>
        <isCustomField>false</isCustomField>
        <customFieldExpr/>
        <fieldCalculationType>NA</fieldCalculationType>
        <fieldTemplateType>NA</fieldTemplateType>
      </field>
      <field>
        <uuid>0bb924fc-1dd9-44f1-bb22-cca156e92a8b</uuid>
        <type>{http://www.appian.com/ae/types/2009}Decimal</type>
        <sourceFieldName>E1</sourceFieldName>
        <sourceFieldType>REAL</sourceFieldType>
        <fieldName>E1</fieldName>
        <isRecordId>false</isRecordId>
        <isUnique>false</isUnique>
        <isCustomField>false</isCustomField>
        <customFieldExpr/>
        <fieldCalculationType>NA</fieldCalculationType>
        <fieldTemplateType>NA</fieldTemplateType>
      </field>
      <field>
        <uuid>6205578e-9342-4561-a89b-26964dc60def</uuid>
        <type>{http://www.appian.com/ae/types/2009}Decimal</type>
        <sourceFieldName>E2</sourceFieldName>
        <sourceFieldType>REAL</sourceFieldType>
        <fieldName>E2</fieldName>
        <isRecordId>false</isRecordId>
        <isUnique>false</isUnique>
        <isCustomField>false</isCustomField>
        <customFieldExpr/>
        <fieldCalculationType>NA</fieldCalculationType>
        <fieldTemplateType>NA</fieldTemplateType>
      </field>
      <field>
        <uuid>e76f3c9d-6e35-4787-99c3-5be5bd9d825b</uuid>
        <type>{http://www.appian.com/ae/types/2009}Decimal</type>
        <sourceFieldName>E3</sourceFieldName>
        <sourceFieldType>REAL</sourceFieldType>
        <fieldName>E3</fieldName>
        <isRecordId>false</isRecordId>
        <isUnique>false</isUnique>
        <isCustomField>false</isCustomField>
        <customFieldExpr/>
        <fieldCalculationType>NA</fieldCalculationType>
        <fieldTemplateType>NA</fieldTemplateType>
      </field>
      <field>
        <uuid>0a703153-17c5-4d14-819a-267342b223a7</uuid>
        <type>{http://www.appian.com/ae/types/2009}Decimal</type>
        <sourceFieldName>E4</sourceFieldName>
        <sourceFieldType>REAL</sourceFieldType>
        <fieldName>E4</fieldName>
        <isRecordId>false</isRecordId>
        <isUnique>false</isUnique>
        <isCustomField>false</isCustomField>
        <customFieldExpr/>
        <fieldCalculationType>NA</fieldCalculationType>
        <fieldTemplateType>NA</fieldTemplateType>
      </field>
      <field>
        <uuid>755111eb-ba32-4008-a314-4d11749386d0</uuid>
        <type>{http://www.appian.com/ae/types/2009}Decimal</type>
        <sourceFieldName>E5</sourceFieldName>
        <sourceFieldType>REAL</sourceFieldType>
        <fieldName>E5</fieldName>
        <isRecordId>false</isRecordId>
        <isUnique>false</isUnique>
        <isCustomField>false</isCustomField>
        <customFieldExpr/>
        <fieldCalculationType>NA</fieldCalculationType>
        <fieldTemplateType>NA</fieldTemplateType>
      </field>
      <field>
        <uuid>94c6bec5-7934-4655-bb0f-43eff1eb45c3</uuid>
        <type>{http://www.appian.com/ae/types/2009}Decimal</type>
        <sourceFieldName>E6</sourceFieldName>
        <sourceFieldType>REAL</sourceFieldType>
        <fieldName>E6</fieldName>
        <isRecordId>false</isRecordId>
        <isUnique>false</isUnique>
        <isCustomField>false</isCustomField>
        <customFieldExpr/>
        <fieldCalculationType>NA</fieldCalculationType>
        <fieldTemplateType>NA</fieldTemplateType>
      </field>
      <field>
        <uuid>2e85dbd9-8ec2-4b01-9dc0-f09e44deb25f</uuid>
        <type>{http://www.appian.com/ae/types/2009}Decimal</type>
        <sourceFieldName>E7</sourceFieldName>
        <sourceFieldType>REAL</sourceFieldType>
        <fieldName>E7</fieldName>
        <isRecordId>false</isRecordId>
        <isUnique>false</isUnique>
        <isCustomField>false</isCustomField>
        <customFieldExpr/>
        <fieldCalculationType>NA</fieldCalculationType>
        <fieldTemplateType>NA</fieldTemplateType>
      </field>
      <field>
        <uuid>365e9439-d8e0-4690-ac18-f4bde1ec1b7b</uuid>
        <type>{http://www.appian.com/ae/types/2009}Decimal</type>
        <sourceFieldName>E8</sourceFieldName>
        <sourceFieldType>REAL</sourceFieldType>
        <fieldName>E8</fieldName>
        <isRecordId>false</isRecordId>
        <isUnique>false</isUnique>
        <isCustomField>false</isCustomField>
        <customFieldExpr/>
        <fieldCalculationType>NA</fieldCalculationType>
        <fieldTemplateType>NA</fieldTemplateType>
      </field>
      <field>
        <uuid>3c34fcc1-f8ac-40b0-a40c-d6b72275bcfd</uuid>
        <type>{http://www.appian.com/ae/types/2009}Decimal</type>
        <sourceFieldName>E9</sourceFieldName>
        <sourceFieldType>REAL</sourceFieldType>
        <fieldName>E9</fieldName>
        <isRecordId>false</isRecordId>
        <isUnique>false</isUnique>
        <isCustomField>false</isCustomField>
        <customFieldExpr/>
        <fieldCalculationType>NA</fieldCalculationType>
        <fieldTemplateType>NA</fieldTemplateType>
      </field>
      <field>
        <uuid>d375ffdd-9b66-430b-8fee-fab7c87679bb</uuid>
        <type>{http://www.appian.com/ae/types/2009}Decimal</type>
        <sourceFieldName>E10</sourceFieldName>
        <sourceFieldType>REAL</sourceFieldType>
        <fieldName>E10</fieldName>
        <isRecordId>false</isRecordId>
        <isUnique>false</isUnique>
        <isCustomField>false</isCustomField>
        <customFieldExpr/>
        <fieldCalculationType>NA</fieldCalculationType>
        <fieldTemplateType>NA</fieldTemplateType>
      </field>
      <field>
        <uuid>ed7e89db-797f-4fcb-a608-fe331da67206</uuid>
        <type>{http://www.appian.com/ae/types/2009}Decimal</type>
        <sourceFieldName>E11</sourceFieldName>
        <sourceFieldType>REAL</sourceFieldType>
        <fieldName>E11</fieldName>
        <isRecordId>false</isRecordId>
        <isUnique>false</isUnique>
        <isCustomField>false</isCustomField>
        <customFieldExpr/>
        <fieldCalculationType>NA</fieldCalculationType>
        <fieldTemplateType>NA</fieldTemplateType>
      </field>
      <field>
        <uuid>f5d27980-ae87-41fd-a45c-1e1f81ef0fd1</uuid>
        <type>{http://www.appian.com/ae/types/2009}Decimal</type>
        <sourceFieldName>E12</sourceFieldName>
        <sourceFieldType>REAL</sourceFieldType>
        <fieldName>E12</fieldName>
        <isRecordId>false</isRecordId>
        <isUnique>false</isUnique>
        <isCustomField>false</isCustomField>
        <customFieldExpr/>
        <fieldCalculationType>NA</fieldCalculationType>
        <fieldTemplateType>NA</fieldTemplateType>
      </field>
      <field>
        <uuid>7e1037ca-d05a-4279-8792-a8a6e873454a</uuid>
        <type>{http://www.appian.com/ae/types/2009}Date</type>
        <sourceFieldName>PROJECTED_PAYMENT_MONTH</sourceFieldName>
        <sourceFieldType>DATE</sourceFieldType>
        <fieldName>ProjectedPaymentMonth</fieldName>
        <isRecordId>false</isRecordId>
        <isUnique>false</isUnique>
        <isCustomField>false</isCustomField>
        <customFieldExpr/>
        <fieldCalculationType>NA</fieldCalculationType>
        <fieldTemplateType>NA</fieldTemplateType>
      </field>
      <field>
        <uuid>62b5ecc3-5dc0-46e4-97d1-0f7e4d505f24</uuid>
        <type>{http://www.appian.com/ae/types/2009}Date</type>
        <sourceFieldName>EXECUTED_PAYMENT_MONTH</sourceFieldName>
        <sourceFieldType>DATE</sourceFieldType>
        <fieldName>ExecutedPaymentMonth</fieldName>
        <isRecordId>false</isRecordId>
        <isUnique>false</isUnique>
        <isCustomField>false</isCustomField>
        <customFieldExpr/>
        <fieldCalculationType>NA</fieldCalculationType>
        <fieldTemplateType>NA</fieldTemplateType>
      </field>
      <field>
        <uuid>dab6aaef-3e9b-4a65-b601-fe1083416dfc</uuid>
        <type>{http://www.appian.com/ae/types/2009}User</type>
        <sourceFieldName>CREATED_BY</sourceFieldName>
        <sourceFieldType>VARCHAR(255)</sourceFieldType>
        <fieldName>CreatedBy</fieldName>
        <isRecordId>false</isRecordId>
        <isUnique>false</isUnique>
        <isCustomField>false</isCustomField>
        <customFieldExpr/>
        <fieldCalculationType>NA</fieldCalculationType>
        <fieldTemplateType>NA</fieldTemplateType>
      </field>
      <field>
        <uuid>497dd019-f9b0-44c7-b738-8722ed114f9d</uuid>
        <type>{http://www.appian.com/ae/types/2009}Datetime</type>
        <sourceFieldName>CREATED_ON</sourceFieldName>
        <sourceFieldType>TIMESTAMP</sourceFieldType>
        <fieldName>CreatedOn</fieldName>
        <isRecordId>false</isRecordId>
        <isUnique>false</isUnique>
        <isCustomField>false</isCustomField>
        <customFieldExpr/>
        <fieldCalculationType>NA</fieldCalculationType>
        <fieldTemplateType>NA</fieldTemplateType>
      </field>
      <field>
        <uuid>8ff7f45f-4b7e-4cb8-a3fb-90c7f495996c</uuid>
        <type>{http://www.appian.com/ae/types/2009}User</type>
        <sourceFieldName>MODIFIED_BY</sourceFieldName>
        <sourceFieldType>VARCHAR(255)</sourceFieldType>
        <fieldName>ModifiedBy</fieldName>
        <isRecordId>false</isRecordId>
        <isUnique>false</isUnique>
        <isCustomField>false</isCustomField>
        <customFieldExpr/>
        <fieldCalculationType>NA</fieldCalculationType>
        <fieldTemplateType>NA</fieldTemplateType>
      </field>
      <field>
        <uuid>4b996fd8-c25a-488d-8b5a-5812e42b6428</uuid>
        <type>{http://www.appian.com/ae/types/2009}Datetime</type>
        <sourceFieldName>MODIFIED_ON</sourceFieldName>
        <sourceFieldType>TIMESTAMP</sourceFieldType>
        <fieldName>ModifiedOn</fieldName>
        <isRecordId>false</isRecordId>
        <isUnique>false</isUnique>
        <isCustomField>false</isCustomField>
        <customFieldExpr/>
        <fieldCalculationType>NA</fieldCalculationType>
        <fieldTemplateType>NA</fieldTemplateType>
      </field>
      <joinType>LEFT</joinType>
      <uuid>95523fd3-a6f2-49df-a50d-086d7a8a4489</uuid>
      <refreshSchedule>
        <frequency>DAILY</frequency>
        <value>{"hour":3,"minute":"00","amPM":"AM","timeZone":"IST","version":"v1"}</value>
        <activated>false</activated>
      </refreshSchedule>
      <skipFailureEnabled>true</skipFailureEnabled>
      <recordIdGeneratorUuid/>
    </a:sourceConfiguration>
    <a:enabledFeatures>63</a:enabledFeatures>
    <a:isVisibleInRecordTypeList>false</a:isVisibleInRecordTypeList>
    <a:recordActionLaunchType>DIALOG</a:recordActionLaunchType>
    <a:showSearchBox>true</a:showSearchBox>
  </recordType>
  <roleMap>
    <role name="record_type_administrator">
      <users/>
      <groups>
        <groupUuid>ef2660a9-4360-43e7-b41f-6dffb6bd868e</groupUuid>
      </groups>
    </role>
    <role name="record_type_viewer">
      <users/>
      <groups>
        <groupUuid>b26adaa2-a21e-4902-8536-812107813334</groupUuid>
      </groups>
    </role>
  </roleMap>
  <history>
    <historyInfo versionUuid="f91dabac-f6ca-4f72-8d2a-affcd95c1998"/>
    <historyInfo versionUuid="82821b2d-0fe9-4834-a9da-0c423d603f3b"/>
  </history>
  <migrationVersion>1</migrationVersion>
</recordTypeHaul>
