<?xml version="1.0" encoding="UTF-8" standalone="yes"?>
<administeredSettingHaul xmlns:a="http://www.appian.com/ae/types/2009">
    <uuid>conf.userStartPages.START_PAGES</uuid>
    <isDefault>false</isDefault>
    <urlConfigs>
        <urlConfig>
            <url>/sites/p360-main-site</url>
            <groups>
                <group a:uuid="_e-0000e3f9-50d2-8000-2b5a-011e94011e94_2378"/>
            </groups>
        </urlConfig>
        <urlConfig>
            <url>/sites/gcb-global-communication-board</url>
            <groups>
                <group a:uuid="8b7d2332-5561-4e94-961d-64e9410687bc"/>
            </groups>
        </urlConfig>
        <urlConfig>
            <url>/sites/gfm-global-folder-manager</url>
            <groups>
                <group a:uuid="22be9a73-55de-4e6b-b3dc-40e167cb51b3"/>
            </groups>
        </urlConfig>
        <urlConfig>
            <url>/sites/games</url>
            <groups>
                <group a:uuid="_e-0000e9b8-dbfc-8000-9b12-01075c01075c_3296"/>
            </groups>
        </urlConfig>
        <urlConfig>
            <url>/sites/connected-underwriting/page/home</url>
            <groups>
                <group a:uuid="1b8d0ecc-7377-473c-a360-2f39a60cf0f0"/>
            </groups>
        </urlConfig>
        <urlConfig>
            <url>/sites/employee-management</url>
            <groups>
                <group a:uuid="c86d20eb-bfc9-4cf9-a3f5-c7551b4fb9e0"/>
            </groups>
        </urlConfig>
        <urlConfig>
            <url>/sites/Celec-EP</url>
            <groups>
                <group a:uuid="943be2e5-5745-47ee-9f1a-150ff7150392"/>
            </groups>
        </urlConfig>
        <urlConfig>
            <url>/sites/intelligent-document-processing</url>
            <groups>
                <group a:uuid="_e-0000e35d-6883-8000-640e-011e94011e94_62"/>
            </groups>
        </urlConfig>
    </urlConfigs>
</administeredSettingHaul>
