<?xml version="1.0" encoding="UTF-8" standalone="yes"?>
<applicationHaul xmlns:a="http://www.appian.com/ae/types/2009">
    <versionUuid>_a-0001ea3e-e4bd-8000-9be8-011c48011c48_598399</versionUuid>
    <application>
        <name>Annual Operating Plan</name>
        <uuid>01ac75a0-36d7-413b-933d-13a68675d7ef</uuid>
        <description>Annual Operating Plan</description>
        <parentUuid>SYSTEM_APPLICATIONS_ROOT</parentUuid>
        <visibility>
            <advertise>false</advertise>
            <hierarchy>true</hierarchy>
            <indexable>true</indexable>
            <quota>false</quota>
            <searchable>true</searchable>
            <system>false</system>
            <unlogged>false</unlogged>
        </visibility>
        <urlIdentifier>6J43DA</urlIdentifier>
        <published>false</published>
        <public>false</public>
        <prefix>AOP</prefix>
        <associatedObjects>
            <globalIdMap>
                <item>
                    <type>datatype</type>
                    <uuids/>
                </item>
                <item>
                    <type>dataStore</type>
                    <uuids/>
                </item>
                <item>
                    <type>user</type>
                    <uuids/>
                </item>
                <item>
                    <type>groupType</type>
                    <uuids/>
                </item>
                <item>
                    <type>group</type>
                    <uuids>
                        <uuid>ef2660a9-4360-43e7-b41f-6dffb6bd868e</uuid>
                        <uuid>b26adaa2-a21e-4902-8536-812107813334</uuid>
                    </uuids>
                </item>
                <item>
                    <type>content</type>
                    <uuids>
                        <uuid>b6a69d31-f76d-4d15-a8ab-8de2124c1392</uuid>
                        <uuid>10b16c1a-003b-4835-8686-5d9b91445f4f</uuid>
                        <uuid>bc3c6f23-9b23-4708-9a4d-bcdc579558b6</uuid>
                        <uuid>c4b80ab0-3fef-46db-b93c-b7986368d9c9</uuid>
                        <uuid>_a-0000ea32-66e7-8000-9be7-011c48011c48_573734</uuid>
                        <uuid>_a-0000ea32-66e7-8000-9be7-011c48011c48_573740</uuid>
                        <uuid>_a-0000ea32-66e7-8000-9be7-011c48011c48_573811</uuid>
                        <uuid>_a-0000ea32-66e7-8000-9be7-011c48011c48_573874</uuid>
                        <uuid>_a-0000ea32-66e7-8000-9be7-011c48011c48_574078</uuid>
                        <uuid>_a-0000ea32-66e7-8000-9be7-011c48011c48_574596</uuid>
                        <uuid>_a-0000ea32-66e7-8000-9be7-011c48011c48_576027</uuid>
                        <uuid>_a-0000ea32-66e7-8000-9be7-011c48011c48_576241</uuid>
                        <uuid>_a-0000ea32-66e7-8000-9be7-011c48011c48_577730</uuid>
                        <uuid>_a-0000ea32-66e7-8000-9be7-011c48011c48_578271</uuid>
                        <uuid>_a-0000ea32-66e7-8000-9be7-011c48011c48_582532</uuid>
                        <uuid>_a-0000ea32-66e7-8000-9be7-011c48011c48_588508</uuid>
                        <uuid>_a-0000ea32-66e7-8000-9be7-011c48011c48_588425</uuid>
                        <uuid>_a-0000ea32-66e7-8000-9be7-011c48011c48_589267</uuid>
                        <uuid>_a-0000ea32-66e7-8000-9be7-011c48011c48_589275</uuid>
                        <uuid>_a-0000ea32-66e7-8000-9be7-011c48011c48_589283</uuid>
                        <uuid>_a-0001ea3e-e4bd-8000-9be8-011c48011c48_598394</uuid>
                    </uuids>
                </item>
                <item>
                    <type>forum</type>
                    <uuids/>
                </item>
                <item>
                    <type>processModelFolder</type>
                    <uuids>
                        <uuid>085674de-40b7-4dde-acd0-175164583065</uuid>
                    </uuids>
                </item>
                <item>
                    <type>processModel</type>
                    <uuids/>
                </item>
                <item>
                    <type>portlet</type>
                    <uuids/>
                </item>
                <item>
                    <type>page</type>
                    <uuids/>
                </item>
                <item>
                    <type>application</type>
                    <uuids/>
                </item>
                <item>
                    <type>tempoFeed</type>
                    <uuids/>
                </item>
                <item>
                    <type>recordType</type>
                    <uuids>
                        <uuid>6c3fef7d-77e0-454a-a6e6-3fbd78751e4e</uuid>
                    </uuids>
                </item>
                <item>
                    <type>recordField</type>
                    <uuids/>
                </item>
                <item>
                    <type>recordRelationship</type>
                    <uuids/>
                </item>
                <item>
                    <type>tempoReport</type>
                    <uuids/>
                </item>
                <item>
                    <type>taskReport</type>
                    <uuids/>
                </item>
                <item>
                    <type>webApi</type>
                    <uuids>
                        <uuid>4de42eea-0e3c-4a0a-81dc-3cd14d129875</uuid>
                        <uuid>171e1251-09ce-4cb0-af2c-6a7b27f37591</uuid>
                        <uuid>cd53dcb2-f5b3-42d3-9722-91ed00c26610</uuid>
                    </uuids>
                </item>
                <item>
                    <type>site</type>
                    <uuids>
                        <uuid>d3080f73-3759-4fe7-9b57-5628ce71759c</uuid>
                    </uuids>
                </item>
                <item>
                    <type>adminSetting</type>
                    <uuids/>
                </item>
                <item>
                    <type>thirdPartyCredentials</type>
                    <uuids/>
                </item>
                <item>
                    <type>dataSource</type>
                    <uuids/>
                </item>
                <item>
                    <type>embeddedSailTheme</type>
                    <uuids/>
                </item>
                <item>
                    <type>connectedSystem</type>
                    <uuids/>
                </item>
                <item>
                    <type>pluginInfo</type>
                    <uuids/>
                </item>
                <item>
                    <type>featureFlag</type>
                    <uuids/>
                </item>
                <item>
                    <type>designObjectReferenceImplementation</type>
                    <uuids/>
                </item>
                <item>
                    <type>aiSkill</type>
                    <uuids/>
                </item>
                <item>
                    <type>roboticTaskDesignObject</type>
                    <uuids/>
                </item>
            </globalIdMap>
        </associatedObjects>
        <applicationNavigation/>
        <applicationActions/>
        <associatedApplications>
            <globalIdMap>
                <item>
                    <type>datatype</type>
                    <uuids/>
                </item>
                <item>
                    <type>dataStore</type>
                    <uuids/>
                </item>
                <item>
                    <type>user</type>
                    <uuids/>
                </item>
                <item>
                    <type>groupType</type>
                    <uuids/>
                </item>
                <item>
                    <type>group</type>
                    <uuids/>
                </item>
                <item>
                    <type>content</type>
                    <uuids/>
                </item>
                <item>
                    <type>forum</type>
                    <uuids/>
                </item>
                <item>
                    <type>processModelFolder</type>
                    <uuids/>
                </item>
                <item>
                    <type>processModel</type>
                    <uuids/>
                </item>
                <item>
                    <type>portlet</type>
                    <uuids/>
                </item>
                <item>
                    <type>page</type>
                    <uuids/>
                </item>
                <item>
                    <type>application</type>
                    <uuids/>
                </item>
                <item>
                    <type>tempoFeed</type>
                    <uuids/>
                </item>
                <item>
                    <type>recordType</type>
                    <uuids/>
                </item>
                <item>
                    <type>recordField</type>
                    <uuids/>
                </item>
                <item>
                    <type>recordRelationship</type>
                    <uuids/>
                </item>
                <item>
                    <type>tempoReport</type>
                    <uuids/>
                </item>
                <item>
                    <type>taskReport</type>
                    <uuids/>
                </item>
                <item>
                    <type>webApi</type>
                    <uuids/>
                </item>
                <item>
                    <type>site</type>
                    <uuids/>
                </item>
                <item>
                    <type>adminSetting</type>
                    <uuids/>
                </item>
                <item>
                    <type>thirdPartyCredentials</type>
                    <uuids/>
                </item>
                <item>
                    <type>dataSource</type>
                    <uuids/>
                </item>
                <item>
                    <type>embeddedSailTheme</type>
                    <uuids/>
                </item>
                <item>
                    <type>connectedSystem</type>
                    <uuids/>
                </item>
                <item>
                    <type>pluginInfo</type>
                    <uuids/>
                </item>
                <item>
                    <type>featureFlag</type>
                    <uuids/>
                </item>
                <item>
                    <type>designObjectReferenceImplementation</type>
                    <uuids/>
                </item>
                <item>
                    <type>aiSkill</type>
                    <uuids/>
                </item>
                <item>
                    <type>roboticTaskDesignObject</type>
                    <uuids/>
                </item>
            </globalIdMap>
        </associatedApplications>
    </application>
    <roleMap>
        <contentRoleMap public="true">
            <role inherit="false" allowForAll="false" name="readers">
                <users/>
                <groups>
                    <groupUuid>b26adaa2-a21e-4902-8536-812107813334</groupUuid>
                </groups>
            </role>
            <role inherit="false" allowForAll="false" name="authors">
                <users/>
                <groups/>
            </role>
            <role inherit="false" allowForAll="false" name="administrators">
                <users/>
                <groups>
                    <groupUuid>ef2660a9-4360-43e7-b41f-6dffb6bd868e</groupUuid>
                </groups>
            </role>
            <role inherit="false" allowForAll="false" name="denyReaders">
                <users/>
                <groups/>
            </role>
            <role inherit="false" allowForAll="false" name="denyAuthors">
                <users/>
                <groups/>
            </role>
            <role inherit="false" allowForAll="false" name="denyAdministrators">
                <users/>
                <groups/>
            </role>
        </contentRoleMap>
    </roleMap>
    <defaultApplicationObjects>
        <object>
            <objectKey>defaultAdminsGroup</objectKey>
            <objectType>group</objectType>
            <objectUuid>ef2660a9-4360-43e7-b41f-6dffb6bd868e</objectUuid>
        </object>
        <object>
            <objectKey>defaultUsersGroup</objectKey>
            <objectType>group</objectType>
            <objectUuid>b26adaa2-a21e-4902-8536-812107813334</objectUuid>
        </object>
    </defaultApplicationObjects>
    <applicationDocumentation/>
    <history>
        <historyInfo versionUuid="01ac75a0-36d7-413b-933d-13a68675d7ef"/>
        <historyInfo versionUuid="_a-0000ea32-66e7-8000-9be7-011c48011c48_577735"/>
        <historyInfo versionUuid="_a-0000ea32-66e7-8000-9be7-011c48011c48_578276"/>
        <historyInfo versionUuid="_a-0000ea32-66e7-8000-9be7-011c48011c48_582537"/>
        <historyInfo versionUuid="_a-0000ea32-66e7-8000-9be7-011c48011c48_589290"/>
        <historyInfo versionUuid="_a-0001ea3e-e4bd-8000-9be8-011c48011c48_598399"/>
    </history>
    <postDeploymentProcessData/>
</applicationHaul>
