<?xml version="1.0" encoding="UTF-8" standalone="yes"?>
<processModelFolderHaul xmlns:a="http://www.appian.com/ae/types/2009">
    <versionUuid>5fb92ee9-fb7b-4ce9-b9c0-dcb4ec96162e</versionUuid>
    <processModelFolder>
        <name>AOP Process Models</name>
        <uuid>085674de-40b7-4dde-acd0-175164583065</uuid>
        <description>Stores process models for the application</description>
    </processModelFolder>
    <roleMap>
        <role name="ADMIN_OWNER">
            <users/>
            <groups>
                <groupUuid>ef2660a9-4360-43e7-b41f-6dffb6bd868e</groupUuid>
            </groups>
        </role>
        <role name="EDITOR">
            <users/>
            <groups/>
        </role>
        <role name="EXPLICIT_NONMEMBER">
            <users/>
            <groups/>
        </role>
        <role name="VIEWER">
            <users/>
            <groups>
                <groupUuid>b26adaa2-a21e-4902-8536-812107813334</groupUuid>
            </groups>
        </role>
        <role name="MANAGER">
            <users/>
            <groups/>
        </role>
        <role name="INITIATOR">
            <users/>
            <groups/>
        </role>
    </roleMap>
    <history>
        <historyInfo versionUuid="5fb92ee9-fb7b-4ce9-b9c0-dcb4ec96162e"/>
    </history>
</processModelFolderHaul>
